0,1,2,3
Foolish,Ashanti,2002,hiphop
U Don't Have To Call,Usher,2002,hiphop
halfcrazy,Musiq,2002,hiphop
Hot In Herre,Nelly,2002,hiphop
Anything,Jaheim Featuring Next,2002,hiphop
Dilemma,Nelly Featuring Kelly Rowland,2002,hiphop
Always On Time,Ja Rule Featuring Ashanti,2002,hiphop
"Lights, Camera, Action!",Mr. Cheeks,2002,hiphop
Nothin',N.O.R.E.,2002,hiphop
I Love You,Faith Evans,2002,hiphop
Butterflies,Michael Jackson,2002,hiphop
Addictive,Truth Hurts Featuring Rakim,2002,hiphop
I Need A Girl (Part Two),"P. Diddy & Ginuwine Featuring Loon, Mario Winans & Tammy Ruggeri",2002,hiphop
Oops (Oh My),Tweet,2002,hiphop
Move B***h,Ludacris Featuring Mystikal & Infamous 2.0,2002,hiphop
What's Luv?,Fat Joe Featuring Ashanti,2002,hiphop
U Got It Bad,Usher,2002,hiphop
Pass The Courvoisier Part II,Busta Rhymes Featuring P. Diddy & Pharrell,2002,hiphop
I Need A Girl (Part One),P. Diddy Featuring Usher & Loon,2002,hiphop
Still Fly,Big Tymers,2002,hiphop
Nothing In This World,KeKe Wyatt Featuring Avant,2002,hiphop
Someone To Love You,Ruff Endz,2002,hiphop
I Care 4 U,Aaliyah,2002,hiphop
Luv U Better,LL Cool J,2002,hiphop
Rock The Boat,Aaliyah,2002,hiphop
A Woman's Worth,Alicia Keys,2002,hiphop
Gangsta Lovin',Eve Featuring Alicia Keys,2002,hiphop
Don't You Forget It,Glenn Lewis,2002,hiphop
Gimme The Light,Sean Paul,2002,hiphop
Just A Friend 2002,Mario,2002,hiphop
Baby,Ashanti,2002,hiphop
More Than A Woman,Aaliyah,2002,hiphop
Ain't It Funny,Jennifer Lopez Featuring Ja Rule,2002,hiphop
Rainy Dayz,Mary J. Blige Featuring Ja Rule,2002,hiphop
Stingy,Ginuwine,2002,hiphop
Makin' Good Love,Avant,2002,hiphop
Down 4 U,"Irv Gotti Presents The Inc. Featuring Ja Rule, Ashanti, Charli Baltimore & Vita",2002,hiphop
We Thuggin',Fat Joe Featuring R. Kelly,2002,hiphop
Happy,Ashanti,2002,hiphop
Work It,"Missy ""Misdemeanor"" Elliott",2002,hiphop
Good Times,Styles,2002,hiphop
Why Don't We Fall In Love,Amerie,2002,hiphop
dontchange,Musiq,2002,hiphop
Call Me,Tweet,2002,hiphop
Grindin',Clipse,2002,hiphop
You Know That I Love You,Donell Jones,2002,hiphop
Welcome To Atlanta,Jermaine Dupri & Ludacris,2002,hiphop
What About Us?,Brandy,2002,hiphop
Roll Out (My Business),Ludacris,2002,hiphop
The Whole World,OutKast Featuring Killer Mike,2002,hiphop
Bouncin' Back (Bumpin' Me Against The Wall),Mystikal,2002,hiphop
Take Away,"Missy ""Misdemeanor"" Elliott Featuring Ginuwine & Tweet",2002,hiphop
Differences,Ginuwine,2002,hiphop
Down A** Chick,"Ja Rule Featuring Charli ""Chuck"" Baltimore",2002,hiphop
Gots Ta Be,B2K,2002,hiphop
Hey Ma,"Cam'Ron Featuring Juelz Santana, Freekey Zekey & Toya",2002,hiphop
Two Wrongs,Wyclef Jean Featuring Claudette Ortiz,2002,hiphop
Roc The Mic,Beanie Sigel & Freeway,2002,hiphop
Saturday (Oooh! Ooooh!),Ludacris Featuring Sleepy Brown,2002,hiphop
Lifetime,Maxwell,2002,hiphop
Break Ya Neck,Busta Rhymes,2002,hiphop
Family Affair,Mary J. Blige,2002,hiphop
Po' Folks,Nappy Roots Featuring Anthony Hamilton,2002,hiphop
What If A Woman,Joe,2002,hiphop
Trade It All,Fabolous Featuring P. Diddy & Jagged Edge,2002,hiphop
Love Of My Life (An Ode To Hip Hop),Erykah Badu Featuring Common,2002,hiphop
No More Drama,Mary J. Blige,2002,hiphop
Full Moon,Brandy,2002,hiphop
Brotha,Angie Stone,2002,hiphop
When The Last Time,Clipse,2002,hiphop
This Woman's Work,Maxwell,2002,hiphop
Young'n (Holla Back),Fabolous,2002,hiphop
One Mic,Nas,2002,hiphop
Gone,'N Sync,2002,hiphop
Burnin' Up,"Faith Evans Featuring Missy ""Misdemeanor"" Elliott",2002,hiphop
Cleanin' Out My Closet,Eminem,2002,hiphop
Uh Huh,B2K,2002,hiphop
Without Me,Eminem,2002,hiphop
You Gets No Love,Faith Evans,2002,hiphop
Wish I Didn't Miss You,Angie Stone,2002,hiphop
Say I Yi Yi,Ying Yang Twins,2002,hiphop
Let's Stay Home Tonight,Joe,2002,hiphop
Round And Round,Jonell & Method Man,2002,hiphop
Awnaw,Nappy Roots,2002,hiphop
Hey Luv (Anything),Mobb Deep Featuring 112,2002,hiphop
I'd Rather,Luther Vandross,2002,hiphop
Caramel,City High Featuring Eve,2002,hiphop
If I Could Go!,Angie Martinez Featuring Lil' Mo & Sacario,2002,hiphop
Don't Mess With My Man,Nivea Featuring Brian & Brandon Casey,2002,hiphop
Take Ya Home,Lil Bow Wow,2002,hiphop
In Da Wind,Trick Daddy Featuring Cee-Lo & Big Boi,2002,hiphop
"Girls, Girls, Girls",JAY-Z,2002,hiphop
'03 Bonnie & Clyde,Jay-Z Featuring Beyonce Knowles,2002,hiphop
Any Other Night,Sharissa,2002,hiphop
Got Ur Self A...,Nas,2002,hiphop
React,Erick Sermon Featuring Redman,2002,hiphop
"My Neck, My Back",Khia Featuring DSD,2002,hiphop
Goodbye,Jagged Edge,2002,hiphop
In Da Club,50 Cent,2003,hiphop
Ignition,R. Kelly,2003,hiphop
Miss You,Aaliyah,2003,hiphop
So Gone,Monica,2003,hiphop
Get Low,Lil Jon & The East Side Boyz Featuring Ying Yang Twins,2003,hiphop
Right Thurr,Chingy,2003,hiphop
21 Questions,50 Cent Featuring Nate Dogg,2003,hiphop
Get Busy,Sean Paul,2003,hiphop
How You Gonna Act Like That,Tyrese,2003,hiphop
Frontin',Pharrell Featuring Jay-Z,2003,hiphop
Can't Let You Go,Fabolous Featuring Mike Shorey & Lil' Mo,2003,hiphop
P.I.M.P.,50 Cent,2003,hiphop
I Know What You Want,Busta Rhymes & Mariah Carey Featuring The Flipmode Squad,2003,hiphop
Crazy In Love,Beyonce Featuring Jay Z,2003,hiphop
Beautiful,Snoop Dogg Featuring Pharrell & Uncle Charlie Wilson,2003,hiphop
Baby Boy,Beyonce Featuring Sean Paul,2003,hiphop
Put That Woman First,Jaheim,2003,hiphop
Magic Stick,Lil' Kim Featuring 50 Cent,2003,hiphop
Love Of My Life (An Ode To Hip Hop),Erykah Badu Featuring Common,2003,hiphop
Damn!,YoungBloodZ Featuring Lil Jon,2003,hiphop
In Those Jeans,Ginuwine,2003,hiphop
Come Over,Aaliyah,2003,hiphop
Excuse Me Miss,JAY-Z,2003,hiphop
Into You,Fabolous Featuring Tamia Or Ashanti,2003,hiphop
Step In The Name Of Love,R. Kelly,2003,hiphop
Stand Up,Ludacris Featuring Shawnna,2003,hiphop
Say Yes,Floetry,2003,hiphop
Shake Ya Tailfeather,"Nelly, P. Diddy & Murphy Lee",2003,hiphop
dontchange,Musiq,2003,hiphop
I Wish I Wasn't,Heather Headley,2003,hiphop
Rain On Me,Ashanti,2003,hiphop
Fabulous,Jaheim Featuring Tha Rayne,2003,hiphop
Wanksta,50 Cent,2003,hiphop
Rock Wit U (Awww Baby),Ashanti,2003,hiphop
The Jump Off,Lil' Kim Featuring Mr. Cheeks,2003,hiphop
Work It,"Missy ""Misdemeanor"" Elliott",2003,hiphop
I Can,Nas,2003,hiphop
Air Force Ones,"Nelly Featuring Kyjuan, Ali & Murphy Lee",2003,hiphop
No Letting Go,Wayne Wonder,2003,hiphop
"Bump, Bump, Bump",B2K & P. Diddy,2003,hiphop
All I Have,Jennifer Lopez Featuring LL Cool J,2003,hiphop
Never Scared,Bone Crusher Featuring Killer Mike & T.I.,2003,hiphop
Gossip Folks,"Missy ""Misdemeanor"" Elliott Featuring Ludacris",2003,hiphop
"Can't Stop, Won't Stop",Young Gunz,2003,hiphop
Emotional Rollercoaster,Vivian Green,2003,hiphop
"Never Leave You - Uh Ooh, Uh Oooh!",Lumidee,2003,hiphop
Walked Outta Heaven,Jagged Edge,2003,hiphop
Mesmerize,Ja Rule Featuring Ashanti,2003,hiphop
What Would You Do?,The Isley Brothers Featuring Ronald Isley,2003,hiphop
I Should Be...,Dru Hill,2003,hiphop
Like Glue,Sean Paul,2003,hiphop
Thugz Mansion,2Pac,2003,hiphop
Like A Pimp,David Banner Featuring Lil' Flip,2003,hiphop
4 Ever,Lil' Mo Featuring Fabolous,2003,hiphop
Sick Of Being Lonely,Field Mob,2003,hiphop
Snake,R. Kelly Featuring Big Tigger,2003,hiphop
Holidae In,Chingy Featuring Ludacris & Snoop Dogg,2003,hiphop
'03 Bonnie & Clyde,Jay-Z Featuring Beyonce Knowles,2003,hiphop
Pump It Up,Joe Budden,2003,hiphop
Let's Get Down,Bow Wow Featuring Baby,2003,hiphop
Make It Clap,Busta Rhymes Featuring Spliff Star,2003,hiphop
The Way You Move,OutKast Featuring Sleepy Brown,2003,hiphop
Clubbin,Marques Houston Featuring Joe Budden & Pied Piper,2003,hiphop
I'll Never Leave,R. Kelly,2003,hiphop
Signs Of Love Makin',Tyrese,2003,hiphop
MADE YOU LOOK,Nas,2003,hiphop
Love Calls,Kem,2003,hiphop
Love At 1st Sight,Mary J. Blige Featuring Method Man,2003,hiphop
Luv U Better,LL Cool J,2003,hiphop
Lose Yourself,Eminem,2003,hiphop
Superstar,Ruben Studdard,2003,hiphop
Gimme The Light,Sean Paul,2003,hiphop
Dance With My Father,Luther Vandross,2003,hiphop
Cry Me A River,Justin Timberlake,2003,hiphop
I Care 4 U,Aaliyah,2003,hiphop
Read Your Mind,Avant,2003,hiphop
Hell Yeah,Ginuwine Featuring Baby,2003,hiphop
What Happened To That Boy,Baby Featuring Clipse,2003,hiphop
Guess What,Syleena Johnson,2003,hiphop
Paradise,LL Cool J Featuring Amerie,2003,hiphop
Ooh!,Mary J. Blige,2003,hiphop
Girlfriend,B2K,2003,hiphop
Come Close To Me,Common Featuring Mary J. Blige,2003,hiphop
Do That...,Baby Featuring P. Diddy,2003,hiphop
Satisfaction,Eve,2003,hiphop
Officially Missing You,Tamia,2003,hiphop
My Love Is Like... Wo,Mya,2003,hiphop
Realest N*ggas,The Notorious B.I.G. & 50 Cent,2003,hiphop
Act A Fool,Ludacris,2003,hiphop
When The Last Time,Clipse,2003,hiphop
Laundromat,Nivea,2003,hiphop
If I Can't,50 Cent,2003,hiphop
I Love You,Dru Hill,2003,hiphop
24's,T.I.,2003,hiphop
Wat Da Hook Gon Be,Murphy Lee Featuring Jermaine Dupri,2003,hiphop
What Up Gangsta,50 Cent,2003,hiphop
Beware Of The Boys (Mundian To Bach Ke),Panjabi MC Featuring Jay-Z,2003,hiphop
One Of Those Days,Whitney Houston,2003,hiphop
Still Ballin,2Pac Featuring Trick Daddy,2003,hiphop
If I Ain't Got You,Alicia Keys,2004,hiphop
Yeah!,Usher Featuring Lil Jon & Ludacris,2004,hiphop
Burn,Usher,2004,hiphop
Diary,Alicia Keys Featuring Tony! Toni! Tone!,2004,hiphop
Lean Back,Terror Squad,2004,hiphop
You Don't Know My Name,Alicia Keys,2004,hiphop
Jesus Walks,Kanye West,2004,hiphop
"Me, Myself And I",Beyonce,2004,hiphop
Slow Jamz,Twista Featuring Kanye West & Jamie Foxx,2004,hiphop
Confessions Part II,Usher,2004,hiphop
Slow Motion,Juvenile Featuring Soulja Slim,2004,hiphop
Goodies,Ciara Featuring Petey Pablo,2004,hiphop
The Way You Move,OutKast Featuring Sleepy Brown,2004,hiphop
Dirt Off Your Shoulder,JAY-Z,2004,hiphop
Sorry 2004,Ruben Studdard,2004,hiphop
Freek-A-Leek,Petey Pablo,2004,hiphop
Tipsy,J-Kwon,2004,hiphop
Splash Waterfalls,Ludacris,2004,hiphop
Overnight Celebrity,Twista,2004,hiphop
I Don't Wanna Know,Mario Winans Featuring Enya & P. Diddy,2004,hiphop
Read Your Mind,Avant,2004,hiphop
Step In The Name Of Love,R. Kelly,2004,hiphop
All Falls Down,Kanye West Featuring Syleena Johnson,2004,hiphop
Walked Outta Heaven,Jagged Edge,2004,hiphop
Why?,Jadakiss Featuring Anthony Hamilton,2004,hiphop
Hotel,Cassidy Featuring R. Kelly,2004,hiphop
Salt Shaker,Ying Yang Twins Featuring Lil Jon & The East Side Boyz,2004,hiphop
My Boo,Usher And Alicia Keys,2004,hiphop
U Should've Known Better,Monica,2004,hiphop
My Place,Nelly Featuring Jaheim,2004,hiphop
One Call Away,Chingy Featuring J. Weav,2004,hiphop
Locked Up,Akon Featuring Styles P.,2004,hiphop
Happy People,R. Kelly,2004,hiphop
On Fire,Lloyd Banks,2004,hiphop
Game Over (Flip),Lil' Flip,2004,hiphop
Sunshine,Lil' Flip Featuring Lea,2004,hiphop
Through The Wire,Kanye West,2004,hiphop
Damn!,YoungBloodZ Featuring Lil Jon,2004,hiphop
Headsprung,LL Cool J,2004,hiphop
Milkshake,Kelis,2004,hiphop
So Sexy,Twista Featuring R. Kelly,2004,hiphop
Think About You,Luther Vandross,2004,hiphop
Drop It Like It's Hot,Snoop Dogg Featuring Pharrell,2004,hiphop
Charlene,Anthony Hamilton,2004,hiphop
Rubber Band Man,T.I.,2004,hiphop
Naughty Girl,Beyonce,2004,hiphop
No Problem,Lil Scrappy,2004,hiphop
I'm Still In Love With You,Sean Paul Featuring Sasha,2004,hiphop
Hey Ya!,OutKast,2004,hiphop
Dude,Beenie Man Featuring Ms. Thing,2004,hiphop
Wanna Get To Know You,G-Unit Featuring Joe,2004,hiphop
Don't Take Your Love Away,Avant,2004,hiphop
Stand Up,Ludacris Featuring Shawnna,2004,hiphop
Change Clothes,JAY-Z,2004,hiphop
Nolia Clap,"Juvenile, Wacko & Skip",2004,hiphop
Still In Love,Teena Marie Featuring Baby,2004,hiphop
Move Ya Body,Nina Sky Featuring Jabba,2004,hiphop
More & More,Joe,2004,hiphop
Go D.J.,Lil Wayne,2004,hiphop
No Better Love,Young Gunz Featuring Rell,2004,hiphop
U Saved Me,R. Kelly,2004,hiphop
Roses,OutKast,2004,hiphop
Southside,Lloyd Featuring Ashanti,2004,hiphop
Call My Name,Prince,2004,hiphop
Runnin (Dying To Live),Tupac Featuring The Notorious B.I.G.,2004,hiphop
Stunt 101,G Unit,2004,hiphop
Get Low,Lil Jon & The East Side Boyz Featuring Ying Yang Twins,2004,hiphop
Dip It Low,Christina Milian,2004,hiphop
I Can't Wait,Sleepy Brown Featuring OutKast,2004,hiphop
Let's Get Away,T.I.,2004,hiphop
In My Life,Juvenile Featuring Mannie Fresh,2004,hiphop
Breathe,Fabolous,2004,hiphop
Let Me In,Young Buck,2004,hiphop
"Breathe, Stretch, Shake",Mase Featuring P. Diddy,2004,hiphop
whoknows,Musiq,2004,hiphop
Dangerously In Love,Beyonce,2004,hiphop
I Like That,"Houston Featuring Chingy, Nate Dogg & I-20",2004,hiphop
Got It Twisted,Mobb Deep,2004,hiphop
Holidae In,Chingy Featuring Ludacris & Snoop Dogg,2004,hiphop
Lose My Breath,Destiny's Child,2004,hiphop
Wonderful,Ja Rule Featuring R. Kelly & Ashanti,2004,hiphop
Selfish,Slum Village Featuring Kanye West & John Legend,2004,hiphop
Talk About Our Love,Brandy Featuring Kanye West,2004,hiphop
You're My Everything,Anita Baker,2004,hiphop
Turn Me On,Kevin Lyttle Featuring Spragga Benz,2004,hiphop
Jook Gal (Wine Wine),Elephant Man,2004,hiphop
Wat Da Hook Gon Be,Murphy Lee Featuring Jermaine Dupri,2004,hiphop
Hush,LL Cool J Featuring 7 Aurelius,2004,hiphop
Neva Eva,Trillville,2004,hiphop
I Want You,Janet Jackson,2004,hiphop
Gangsta Nation,Westside Connection Featuring Nate Dogg,2004,hiphop
Gigolo,Nick Cannon Featuring R. Kelly,2004,hiphop
Welcome Back,Mase,2004,hiphop
Knuck If You Buck,Crime Mob Featuring Lil Scrappy,2004,hiphop
Flap Your Wings,Nelly,2004,hiphop
Forthenight,Musiq,2004,hiphop
Whats Happnin!,Ying Yang Twins Featuring Trick Daddy,2004,hiphop
You Don't Want Drama,8Ball & MJG Featuring P. Diddy,2004,hiphop
Shorty Wanna Ride,Young Buck,2004,hiphop
My Baby,Bow Wow Featuring Jagged Edge,2004,hiphop
Let Me Love You,Mario,2005,hiphop
We Belong Together,Mariah Carey,2005,hiphop
Truth Is,Fantasia,2005,hiphop
Drop It Like It's Hot,Snoop Dogg Featuring Pharrell,2005,hiphop
Slow Down,Bobby Valentino,2005,hiphop
Free Yourself,Fantasia,2005,hiphop
How We Do,The Game Featuring 50 Cent,2005,hiphop
Wait (The Whisper Song),Ying Yang Twins,2005,hiphop
Soldier,Destiny's Child Featuring T.I. & Lil Wayne,2005,hiphop
Cater 2 U,Destiny's Child,2005,hiphop
Ordinary People,John Legend,2005,hiphop
Must Be Nice,Lyfe Jennings,2005,hiphop
Gold Digger,Kanye West Featuring Jamie Foxx,2005,hiphop
"1, 2 Step",Ciara Featuring Missy Elliott,2005,hiphop
Oh,Ciara Featuring Ludacris,2005,hiphop
Some Cut,Trillville Featuring Cutty,2005,hiphop
Bring Em Out,T.I.,2005,hiphop
Disco Inferno,50 Cent,2005,hiphop
Like You,Bow Wow Featuring Ciara,2005,hiphop
U Already Know,112 Featuring Foxy Brown,2005,hiphop
Candy Shop,50 Cent Featuring Olivia,2005,hiphop
U Don't Know Me,T.I.,2005,hiphop
Let Me Hold You,Bow Wow Featuring Omarion,2005,hiphop
Shake It Off,Mariah Carey,2005,hiphop
1 Thing,Amerie,2005,hiphop
Soul Survivor,Young Jeezy Featuring Akon,2005,hiphop
Hate It Or Love It,The Game Featuring 50 Cent,2005,hiphop
Just A Lil Bit,50 Cent,2005,hiphop
I Can't Stop Loving You,Kem,2005,hiphop
O,Omarion,2005,hiphop
I'm A Hustla,Cassidy,2005,hiphop
Give Me That,Webbie Featuring Bun B,2005,hiphop
Play,David Banner,2005,hiphop
My Boo,Usher And Alicia Keys,2005,hiphop
Charlene,Anthony Hamilton,2005,hiphop
Run It!,Chris Brown,2005,hiphop
Karma,Lloyd Banks Featuring Avant,2005,hiphop
Wonderful,Ja Rule Featuring R. Kelly & Ashanti,2005,hiphop
Again,Faith Evans,2005,hiphop
Pimpin' All Over The World,Ludacris Featuring Bobby Valentino,2005,hiphop
Grind With Me,Pretty Ricky,2005,hiphop
Okay,Nivea Featuring Lil Jon & YoungBloodZ,2005,hiphop
Charlie Last Name: Wilson,Charlie Wilson,2005,hiphop
Number One Spot,Ludacris,2005,hiphop
Naked,Marques Houston,2005,hiphop
Girl Tonite,Twista Featuring Trey Songz,2005,hiphop
Dem Boyz,Boyz N Da Hood,2005,hiphop
Lose Control,Missy Elliott Featuring Ciara & Fat Man Scoop,2005,hiphop
Get Back,Ludacris,2005,hiphop
Make Her Feel Good,Teairra Mari,2005,hiphop
Trapped In The Closet,R. Kelly,2005,hiphop
Diary,Alicia Keys Featuring Tony! Toni! Tone!,2005,hiphop
I Think They Like Me,"Dem Franchize Boyz Featuring Jermaine Dupri, Da Brat & Bow Wow",2005,hiphop
Hollaback Girl,Gwen Stefani,2005,hiphop
Don't Cha,The Pussycat Dolls Featuring Busta Rhymes,2005,hiphop
Girl,Destiny's Child,2005,hiphop
Caught Up,Usher,2005,hiphop
Only U,Ashanti,2005,hiphop
What U Gon' Do,Lil Jon & The East Side Boyz Featuring Lil Scrappy,2005,hiphop
Gotta Go Gotta Leave (Tired),Vivian Green,2005,hiphop
In The Kitchen,R. Kelly,2005,hiphop
Unbreakable,Alicia Keys,2005,hiphop
So Seductive,Tony Yayo Featuring 50 Cent,2005,hiphop
How Could You,Mario,2005,hiphop
And Then What,Young Jeezy Featuring Mannie Fresh,2005,hiphop
Go D.J.,Lil Wayne,2005,hiphop
U Make Me Wanna,Jadakiss Featuring Mariah Carey,2005,hiphop
Lighters Up,Lil' Kim,2005,hiphop
Girlfight,Brooke Valentine Featuring Lil Jon & Big Boi,2005,hiphop
I Should Have Cheated,Keyshia Cole,2005,hiphop
Tell Me,Bobby Valentino,2005,hiphop
Karma,Alicia Keys,2005,hiphop
Baby Mama,Fantasia,2005,hiphop
Back Then,Mike Jones,2005,hiphop
Stay Fly,Three 6 Mafia Featuring Young Buck & Eightball & MJG,2005,hiphop
Welcome To Jamrock,"Damian ""Jr. Gong"" Marley",2005,hiphop
It's Like That,Mariah Carey,2005,hiphop
I'm Sprung,T-Pain,2005,hiphop
ASAP,T.I.,2005,hiphop
All Because Of You,Marques Houston Featuring Young Rome,2005,hiphop
Dreams,The Game,2005,hiphop
Gotta Make It,Trey Songz Featuring Twista,2005,hiphop
New York,Ja Rule Featuring Fat Joe & Jadakiss,2005,hiphop
Badd,Ying Yang Twins Featuring Mike Jones & Mr. ColliPark,2005,hiphop
Breathe,Fabolous,2005,hiphop
I'm A King,P$C Featuring T.I. & Lil Scrappy,2005,hiphop
Outta Control (Remix),50 Cent Featuring Mobb Deep,2005,hiphop
Shorty Wanna Ride,Young Buck,2005,hiphop
Let's Go,Trick Daddy Featuring Lil Jon & Twista,2005,hiphop
Diamonds From Sierra Leone,Kanye West,2005,hiphop
"Forever, For Always, For Love",Lalah Hathaway,2005,hiphop
Still Tippin',Mike Jones Featuring Slim Thug & Paul Wall,2005,hiphop
Let's Get Blown,Snoop Dogg,2005,hiphop
One Wish,Ray J,2005,hiphop
Laffy Taffy,D4L,2005,hiphop
Baby,Fabolous Featuring Mike Shorey,2005,hiphop
Get It Poppin',Fat Joe Featuring Nelly,2005,hiphop
Can't Satisfy Her,I-Wayne,2005,hiphop
Lose My Breath,Destiny's Child,2005,hiphop
Lost Without U,Robin Thicke,2006,hiphop
When I See U,Fantasia,2006,hiphop
Please Don't Go,Tank,2006,hiphop
Buy U A Drank (Shawty Snappin'),T-Pain Featuring Yung Joc,2006,hiphop
teachme,Musiq Soulchild,2006,hiphop
You,Lloyd Featuring Lil Wayne,2006,hiphop
Irreplaceable,Beyonce,2006,hiphop
Promise,Ciara,2006,hiphop
Buddy,Musiq Soulchild,2006,hiphop
Poppin',Chris Brown Featuring Jay Biz,2006,hiphop
Until The End Of Time,Justin Timberlake Duet With Beyonce,2006,hiphop
Let It Go,Keyshia Cole Featuring Missy Elliott & Lil Kim,2006,hiphop
Shawty,Plies Featuring T-Pain,2006,hiphop
Bed,J. Holiday,2006,hiphop
I'm A Flirt,R. Kelly Or Bow Wow (Featuring T.I. & T-Pain),2006,hiphop
Make Me Better,Fabolous Featuring Ne-Yo,2006,hiphop
Do You,Ne-Yo,2006,hiphop
Throw Some D's,Rich Boy Featuring Polow Da Don,2006,hiphop
Ice Box,Omarion,2006,hiphop
I Wanna Love You,Akon Featuring Snoop Dogg,2006,hiphop
Walk It Out,Unk,2006,hiphop
Same Girl,R. Kelly Duet With Usher,2006,hiphop
This Is Why I'm Hot,Mims,2006,hiphop
Wipe Me Down,Lil Boosie Featuring Foxx & Webbie,2006,hiphop
Runaway Love,Ludacris Featuring Mary J. Blige,2006,hiphop
Get Me Bodied,Beyonce,2006,hiphop
Party Like A Rockstar,Shop Boyz,2006,hiphop
Crank That (Soulja Boy),Soulja Boy Tell'em,2006,hiphop
Take Me As I Am,Mary J. Blige,2006,hiphop
No One,Alicia Keys,2006,hiphop
Rock Yo Hips,Crime Mob Featuring Lil Scrappy,2006,hiphop
Make It Rain,Fat Joe Featuring Lil Wayne,2006,hiphop
We Fly High,Jim Jones,2006,hiphop
My Love,Justin Timberlake Featuring T.I.,2006,hiphop
"Pop, Lock & Drop It",Huey,2006,hiphop
On The Hotline,Pretty Ricky,2006,hiphop
Like This,Kelly Rowland Featuring Eve,2006,hiphop
Because Of You,Ne-Yo,2006,hiphop
Umbrella,Rihanna Featuring Jay-Z,2006,hiphop
Get It Shawty,Lloyd,2006,hiphop
Last Night,Diddy Featuring Keyshia Cole,2006,hiphop
Big Things Poppin' (Do It),T.I.,2006,hiphop
2 Step,Unk,2006,hiphop
Shortie Like Mine,Bow Wow Featuring Chris Brown & Johnta Austin,2006,hiphop
Upgrade U,Beyonce Featuring Jay Z,2006,hiphop
Like A Boy,Ciara,2006,hiphop
If I Was Your Man,Joe,2006,hiphop
Top Back,T.I.,2006,hiphop
Don't Matter,Akon,2006,hiphop
Can U Believe,Robin Thicke,2006,hiphop
Bartender,T-Pain Featuring Akon,2006,hiphop
In My Songs,Gerald Levert,2006,hiphop
Go Getta,Young Jeezy Featuring R. Kelly,2006,hiphop
A Bay Bay,Hurricane Chris,2006,hiphop
Duffle Bag Boy,Playaz Circle Featuring Lil Wayne,2006,hiphop
Hood Figga,Gorilla Zoe,2006,hiphop
That's That,Snoop Dogg Featuring R. Kelly,2006,hiphop
Can't Leave 'Em Alone,Ciara Featuring 50 Cent,2006,hiphop
Outta My System,Bow Wow Featuring T-Pain & Johnta Austin,2006,hiphop
Int'l Players Anthem (I Choose You),UGK Featuring OutKast,2006,hiphop
Shawty Is A 10,The-Dream,2006,hiphop
Kiss Kiss,Chris Brown Featuring T-Pain,2006,hiphop
How Do I Breathe,Mario,2006,hiphop
Change Me,Ruben Studdard,2006,hiphop
1st Time,Yung Joc Featuring Marques Houston & Trey Songz,2006,hiphop
And I Am Telling You I'm Not Going,Jennifer Hudson,2006,hiphop
I Luv It,Young Jeezy,2006,hiphop
Tambourine,Eve,2006,hiphop
Good Life,Kanye West Featuring T-Pain,2006,hiphop
Anonymous,Bobby Valentino Featuring Timbaland,2006,hiphop
I Get Money,50 Cent,2006,hiphop
Sexy Lady,Yung Berg Featuring Junior,2006,hiphop
You Know What It Is,T.I. Featuring Wyclef Jean,2006,hiphop
Cupid Shuffle,Cupid,2006,hiphop
DJ Don't,Gerald Levert,2006,hiphop
Can't Help But Wait,Trey Songz,2006,hiphop
Can't Tell Me Nothing,Kanye West,2006,hiphop
My Drink N' My 2 Step,Cassidy Featuring Swizz Beatz,2006,hiphop
Can't Get Enough,Tamia,2006,hiphop
If I Have My Way,Chrisette Michele,2006,hiphop
Beautiful Girls,Sean Kingston,2006,hiphop
One,Tyrese,2006,hiphop
Freaky Gurl,Gucci Mane,2006,hiphop
Money In The Bank,Lil Scrappy Featuring Young Buck,2006,hiphop
Make Ya Feel Beautiful,Ruben Studdard,2006,hiphop
I'm So Hood,"DJ Khaled Featuring T-Pain, Trick Daddy, Rick Ross & Plies",2006,hiphop
Stuntin' Like My Daddy,Birdman & Lil Wayne,2006,hiphop
Me,Tamia,2006,hiphop
Wall To Wall,Chris Brown,2006,hiphop
Come With Me,Sammie,2006,hiphop
Baby,Angie Stone Featuring Betty Wright,2006,hiphop
Shoulda Let You Go,Keyshia Cole Introducing Amina,2006,hiphop
We Takin' Over,"DJ Khaled Featuring T.I., Akon, Rick Ross, Fat Joe, Lil' Wayne & Baby",2006,hiphop
Be Without You,Mary J. Blige,2006,hiphop
Hood Boy,Fantasia Featuring Big Boi,2006,hiphop
Let's Stay Together,Lyfe Jennings,2006,hiphop
Lost One,Jay-Z Featuring Chrisette Michele,2006,hiphop
Used To Be My Girl,Brian McKnight,2006,hiphop
We Ride ((I See The Future)),Mary J. Blige,2006,hiphop
Wouldn't Get Far,The Game Featuring Kanye West,2006,hiphop
Lost Without U,Robin Thicke,2007,hiphop
When I See U,Fantasia,2007,hiphop
Please Don't Go,Tank,2007,hiphop
Buy U A Drank (Shawty Snappin'),T-Pain Featuring Yung Joc,2007,hiphop
teachme,Musiq Soulchild,2007,hiphop
You,Lloyd Featuring Lil Wayne,2007,hiphop
Irreplaceable,Beyonce,2007,hiphop
Promise,Ciara,2007,hiphop
Buddy,Musiq Soulchild,2007,hiphop
Poppin',Chris Brown Featuring Jay Biz,2007,hiphop
Until The End Of Time,Justin Timberlake Duet With Beyonce,2007,hiphop
Let It Go,Keyshia Cole Featuring Missy Elliott & Lil Kim,2007,hiphop
Shawty,Plies Featuring T-Pain,2007,hiphop
Bed,J. Holiday,2007,hiphop
I'm A Flirt,R. Kelly Or Bow Wow (Featuring T.I. & T-Pain),2007,hiphop
Make Me Better,Fabolous Featuring Ne-Yo,2007,hiphop
Do You,Ne-Yo,2007,hiphop
Throw Some D's,Rich Boy Featuring Polow Da Don,2007,hiphop
Ice Box,Omarion,2007,hiphop
I Wanna Love You,Akon Featuring Snoop Dogg,2007,hiphop
Walk It Out,Unk,2007,hiphop
Same Girl,R. Kelly Duet With Usher,2007,hiphop
This Is Why I'm Hot,Mims,2007,hiphop
Wipe Me Down,Lil Boosie Featuring Foxx & Webbie,2007,hiphop
Runaway Love,Ludacris Featuring Mary J. Blige,2007,hiphop
Get Me Bodied,Beyonce,2007,hiphop
Party Like A Rockstar,Shop Boyz,2007,hiphop
Crank That (Soulja Boy),Soulja Boy Tell'em,2007,hiphop
Take Me As I Am,Mary J. Blige,2007,hiphop
No One,Alicia Keys,2007,hiphop
Rock Yo Hips,Crime Mob Featuring Lil Scrappy,2007,hiphop
Make It Rain,Fat Joe Featuring Lil Wayne,2007,hiphop
We Fly High,Jim Jones,2007,hiphop
My Love,Justin Timberlake Featuring T.I.,2007,hiphop
"Pop, Lock & Drop It",Huey,2007,hiphop
On The Hotline,Pretty Ricky,2007,hiphop
Like This,Kelly Rowland Featuring Eve,2007,hiphop
Because Of You,Ne-Yo,2007,hiphop
Umbrella,Rihanna Featuring Jay-Z,2007,hiphop
Get It Shawty,Lloyd,2007,hiphop
Last Night,Diddy Featuring Keyshia Cole,2007,hiphop
Big Things Poppin' (Do It),T.I.,2007,hiphop
2 Step,Unk,2007,hiphop
Shortie Like Mine,Bow Wow Featuring Chris Brown & Johnta Austin,2007,hiphop
Upgrade U,Beyonce Featuring Jay Z,2007,hiphop
Like A Boy,Ciara,2007,hiphop
If I Was Your Man,Joe,2007,hiphop
Top Back,T.I.,2007,hiphop
Don't Matter,Akon,2007,hiphop
Can U Believe,Robin Thicke,2007,hiphop
Bartender,T-Pain Featuring Akon,2007,hiphop
In My Songs,Gerald Levert,2007,hiphop
Go Getta,Young Jeezy Featuring R. Kelly,2007,hiphop
A Bay Bay,Hurricane Chris,2007,hiphop
Duffle Bag Boy,Playaz Circle Featuring Lil Wayne,2007,hiphop
Hood Figga,Gorilla Zoe,2007,hiphop
That's That,Snoop Dogg Featuring R. Kelly,2007,hiphop
Can't Leave 'Em Alone,Ciara Featuring 50 Cent,2007,hiphop
Outta My System,Bow Wow Featuring T-Pain & Johnta Austin,2007,hiphop
Int'l Players Anthem (I Choose You),UGK Featuring OutKast,2007,hiphop
Shawty Is A 10,The-Dream,2007,hiphop
Kiss Kiss,Chris Brown Featuring T-Pain,2007,hiphop
How Do I Breathe,Mario,2007,hiphop
Change Me,Ruben Studdard,2007,hiphop
1st Time,Yung Joc Featuring Marques Houston & Trey Songz,2007,hiphop
And I Am Telling You I'm Not Going,Jennifer Hudson,2007,hiphop
I Luv It,Young Jeezy,2007,hiphop
Tambourine,Eve,2007,hiphop
Good Life,Kanye West Featuring T-Pain,2007,hiphop
Anonymous,Bobby Valentino Featuring Timbaland,2007,hiphop
I Get Money,50 Cent,2007,hiphop
Sexy Lady,Yung Berg Featuring Junior,2007,hiphop
You Know What It Is,T.I. Featuring Wyclef Jean,2007,hiphop
Cupid Shuffle,Cupid,2007,hiphop
DJ Don't,Gerald Levert,2007,hiphop
Can't Help But Wait,Trey Songz,2007,hiphop
Can't Tell Me Nothing,Kanye West,2007,hiphop
My Drink N' My 2 Step,Cassidy Featuring Swizz Beatz,2007,hiphop
Can't Get Enough,Tamia,2007,hiphop
If I Have My Way,Chrisette Michele,2007,hiphop
Beautiful Girls,Sean Kingston,2007,hiphop
One,Tyrese,2007,hiphop
Freaky Gurl,Gucci Mane,2007,hiphop
Money In The Bank,Lil Scrappy Featuring Young Buck,2007,hiphop
Make Ya Feel Beautiful,Ruben Studdard,2007,hiphop
I'm So Hood,"DJ Khaled Featuring T-Pain, Trick Daddy, Rick Ross & Plies",2007,hiphop
Stuntin' Like My Daddy,Birdman & Lil Wayne,2007,hiphop
Me,Tamia,2007,hiphop
Wall To Wall,Chris Brown,2007,hiphop
Come With Me,Sammie,2007,hiphop
Baby,Angie Stone Featuring Betty Wright,2007,hiphop
Shoulda Let You Go,Keyshia Cole Introducing Amina,2007,hiphop
We Takin' Over,"DJ Khaled Featuring T.I., Akon, Rick Ross, Fat Joe, Lil' Wayne & Baby",2007,hiphop
Be Without You,Mary J. Blige,2007,hiphop
Hood Boy,Fantasia Featuring Big Boi,2007,hiphop
Let's Stay Together,Lyfe Jennings,2007,hiphop
Lost One,Jay-Z Featuring Chrisette Michele,2007,hiphop
Used To Be My Girl,Brian McKnight,2007,hiphop
We Ride ((I See The Future)),Mary J. Blige,2007,hiphop
Wouldn't Get Far,The Game Featuring Kanye West,2007,hiphop
Like You'll Never See Me Again,Alicia Keys,2008,hiphop
I Remember,Keyshia Cole,2008,hiphop
Just Fine,Mary J. Blige,2008,hiphop
Heaven Sent,Keyshia Cole,2008,hiphop
Suffocate,J. Holiday,2008,hiphop
Lollipop,Lil Wayne Featuring Static Major,2008,hiphop
Need U Bad,Jazmine Sullivan,2008,hiphop
No One,Alicia Keys,2008,hiphop
Spotlight,Jennifer Hudson,2008,hiphop
Can't Help But Wait,Trey Songz,2008,hiphop
Never,Jaheim,2008,hiphop
Crying Out For Me,Mario,2008,hiphop
Take You Down,Chris Brown,2008,hiphop
A Milli,Lil Wayne,2008,hiphop
Love In This Club,Usher Featuring Young Jeezy,2008,hiphop
Bust It Baby Part 2,Plies Featuring Ne-Yo,2008,hiphop
Whatever You Like,T.I.,2008,hiphop
I Luv Your Girl,The-Dream,2008,hiphop
Independent,Webbie Featuring Lil' Phat & Lil' Boosie,2008,hiphop
Teenage Love Affair,Alicia Keys,2008,hiphop
Touch My Body,Mariah Carey,2008,hiphop
Put On,Young Jeezy Featuring Kanye West,2008,hiphop
Woman,Raheem DeVaughn,2008,hiphop
Sensual Seduction,Snoop Dogg,2008,hiphop
Falsetto,The-Dream,2008,hiphop
Can't Believe It,T-Pain Featuring Lil Wayne,2008,hiphop
Miss Independent,Ne-Yo,2008,hiphop
Take A Bow,Rihanna,2008,hiphop
With You,Chris Brown,2008,hiphop
Sexy Can I,Ray J & Yung Berg,2008,hiphop
Mrs. Officer,Lil Wayne Featuring Bobby Valentino & Kidd Kidd,2008,hiphop
Last Time,Trey Songz,2008,hiphop
The Boss,Rick Ross Featuring T-Pain,2008,hiphop
Dey Know,Shawty Lo,2008,hiphop
Until The End Of Time,Justin Timberlake Duet With Beyonce,2008,hiphop
Never Would Have Made It,Marvin Sapp,2008,hiphop
The Way That I Love You,Ashanti,2008,hiphop
Good Life,Kanye West Featuring T-Pain,2008,hiphop
Magic,Robin Thicke,2008,hiphop
Low,Flo Rida Featuring T-Pain,2008,hiphop
Shoulda Let You Go,Keyshia Cole Introducing Amina,2008,hiphop
Get Like Me,David Banner Featuring Chris Brown,2008,hiphop
No Air,Jordin Sparks Duet With Chris Brown,2008,hiphop
Got Money,Lil Wayne Featuring T-Pain,2008,hiphop
Kiss Kiss,Chris Brown Featuring T-Pain,2008,hiphop
Love In This Club Part II,Usher Featuring Beyonce & Lil Wayne,2008,hiphop
Customer,Raheem DeVaughn,2008,hiphop
Flashing Lights,Kanye West Featuring Dwele,2008,hiphop
She Got It,2 Pistols Featuring T-Pain & Tay Dizm,2008,hiphop
Music For Love,Mario,2008,hiphop
I Won't Tell,Fat Joe Featuring J. Holiday,2008,hiphop
Umma Do Me,Rocko,2008,hiphop
I'm So Hood,"DJ Khaled Featuring T-Pain, Trick Daddy, Rick Ross & Plies",2008,hiphop
You're The Only One,Eric Benet,2008,hiphop
Duffle Bag Boy,Playaz Circle Featuring Lil Wayne,2008,hiphop
Never Never Land,Lyfe Jennings,2008,hiphop
Please Excuse My Hands,Plies Featuring Jamie Foxx & The-Dream,2008,hiphop
The Business,Yung Berg Featuring Casha,2008,hiphop
Here I Am,Rick Ross Featuring Nelly & Avery Storm,2008,hiphop
So Fly,Slim Featuring Yung Joc,2008,hiphop
The River,Noel Gourdin,2008,hiphop
Live Your Life,T.I. Featuring Rihanna,2008,hiphop
Pop Bottles,Birdman Featuring Lil Wayne,2008,hiphop
Girls Around The World,Lloyd Featuring Lil Wayne,2008,hiphop
Work That,Mary J. Blige,2008,hiphop
Lookin Boy,Hot Stylz Featuring Yung Joc,2008,hiphop
Honey,Erykah Badu,2008,hiphop
Get Silly,V.I.C.,2008,hiphop
teachme,Musiq Soulchild,2008,hiphop
Superwoman,Alicia Keys,2008,hiphop
Bed,J. Holiday,2008,hiphop
Shawty Is A 10,The-Dream,2008,hiphop
Bust Your Windows,Jazmine Sullivan,2008,hiphop
When I See U,Fantasia,2008,hiphop
Single Ladies (Put A Ring On It),Beyonce,2008,hiphop
Closer,Ne-Yo,2008,hiphop
Girlfriend,Bow Wow & Omarion,2008,hiphop
Superstar,Lupe Fiasco Featuring Matthew Santos,2008,hiphop
Did You Wrong,Pleasure P,2008,hiphop
Swagga Like Us,Jay-Z & T.I. Featuring Kanye West & Lil Wayne,2008,hiphop
Sometimes,Angie Stone,2008,hiphop
I've Changed,Jaheim Featuring Keyshia Cole,2008,hiphop
Green Light,John Legend Featuring Andre 3000,2008,hiphop
Moving Mountains,Usher,2008,hiphop
Let It Go,Keyshia Cole Featuring Missy Elliott & Lil Kim,2008,hiphop
My Life,The Game Featuring Lil Wayne,2008,hiphop
My Drink N' My 2 Step,Cassidy Featuring Swizz Beatz,2008,hiphop
Foolish,Shawty Lo,2008,hiphop
Hate That I Love You,Rihanna Featuring Ne-Yo,2008,hiphop
What Them Girls Like,Ludacris Co-Starring Chris Brown & Sean Garrett,2008,hiphop
Soulja Girl,Soulja Boy Tell'em Featuring I-15,2008,hiphop
Baby,LL Cool J Featuring The-Dream,2008,hiphop
Mr. Carter,Lil Wayne Featuring Jay-Z,2008,hiphop
I Know,Jay-Z Featuring Pharrell,2008,hiphop
Energy,Keri Hilson,2008,hiphop
Game's Pain,The Game Featuring Keyshia Cole,2008,hiphop
Hypnotized,Plies Featuring Akon,2008,hiphop
Roc Boys (And The Winner Is)...,JAY-Z,2008,hiphop
Ching-A-Ling,Missy Elliott,2008,hiphop
Go On Girl,Ne-Yo,2008,hiphop
Blame It,Jamie Foxx Featuring T-Pain,2009,hiphop
Pretty Wings,Maxwell,2009,hiphop
Break Up,Mario Featuring Gucci Mane & Sean Garrett,2009,hiphop
Best I Ever Had,Drake,2009,hiphop
Rockin' That Thang,The-Dream,2009,hiphop
Single Ladies (Put A Ring On It),Beyonce,2009,hiphop
Turnin Me On,Keri Hilson Featuring Lil Wayne,2009,hiphop
She Got Her Own,Ne-Yo Featuring Jamie Foxx & Fabolous,2009,hiphop
sobeautiful,Musiq Soulchild,2009,hiphop
Last Chance,Ginuwine,2009,hiphop
Knock You Down,Keri Hilson Featuring Kanye West & Ne-Yo,2009,hiphop
Every Girl,Young Money,2009,hiphop
God In Me,"Mary Mary Featuring Kierra ""KiKi"" Sheard",2009,hiphop
Ego,Beyonce,2009,hiphop
Mad,Ne-Yo,2009,hiphop
If This Isn't Love,Jennifer Hudson,2009,hiphop
Live Your Life,T.I. Featuring Rihanna,2009,hiphop
Successful,Drake Featuring Trey Songz & Lil Wayne,2009,hiphop
On The Ocean,K'Jon,2009,hiphop
Birthday Sex,Jeremih,2009,hiphop
Trust,Keyshia Cole Duet With Monica,2009,hiphop
Diva,Beyonce,2009,hiphop
Miss Independent,Ne-Yo,2009,hiphop
Ain't I,Yung L.A. Featuring Young Dro & T.I.,2009,hiphop
Boyfriend #2,Pleasure P,2009,hiphop
There Goes My Baby,Charlie Wilson,2009,hiphop
I Need A Girl,Trey Songz,2009,hiphop
IfULeave,Musiq Soulchild Featuring Mary J. Blige,2009,hiphop
Spotlight,Jennifer Hudson,2009,hiphop
Dead And Gone,T.I. Featuring Justin Timberlake,2009,hiphop
Chopped 'N' Skrewed,T-Pain Featuring Ludacris,2009,hiphop
Trading Places,Usher,2009,hiphop
Just Like Me,Jamie Foxx Featuring T.I.,2009,hiphop
Kiss Me Thru The Phone,Soulja Boy Tell 'em Featuring Sammie,2009,hiphop
You Complete Me,Keyshia Cole,2009,hiphop
Pop Champagne,Jim Jones & Ron Browz Featuring Juelz Santana,2009,hiphop
Wasted,Gucci Mane Featuring Plies Or OJ Da Juiceman,2009,hiphop
Throw It In The Bag,Fabolous Featuring The-Dream,2009,hiphop
Heartless,Kanye West,2009,hiphop
Cool,Anthony Hamilton Featuring David Banner,2009,hiphop
Here I Stand,Usher,2009,hiphop
Wetter (Calling You Daddy),Twista Featuring Erika Shevon,2009,hiphop
Green Light,John Legend Featuring Andre 3000,2009,hiphop
Epiphany (I'm Leaving),Chrisette Michele,2009,hiphop
Playa Cardz Right,Keyshia Cole Featuring 2Pac,2009,hiphop
Run This Town,"Jay-Z, Rihanna & Kanye West",2009,hiphop
Under,Pleasure P,2009,hiphop
Ice Cream Paint Job,Dorrough,2009,hiphop
Bad Habits,Maxwell,2009,hiphop
Turn My Swag On,Soulja Boy Tell'em,2009,hiphop
Always Strapped,Birdman Featuring Lil Wayne,2009,hiphop
Beep,Bobby V Featuring Yung Joc,2009,hiphop
Whatever You Like,T.I.,2009,hiphop
Mrs. Officer,Lil Wayne Featuring Bobby Valentino & Kidd Kidd,2009,hiphop
Bust Your Windows,Jazmine Sullivan,2009,hiphop
The Point Of It All,Anthony Hamilton,2009,hiphop
When It Hurts,Avant,2009,hiphop
Need U Bad,Jazmine Sullivan,2009,hiphop
Day 'N' Nite,Kid Cudi,2009,hiphop
Magnificent,Rick Ross Featuring John Legend,2009,hiphop
Number One,R. Kelly Featuring Keri Hilson,2009,hiphop
Put It On Ya,Plies Featuring Chris J,2009,hiphop
Obsessed,Mariah Carey,2009,hiphop
Swag Surfin',F.L.Y. (Fast Life Yungstaz),2009,hiphop
From My Heart To Yours,Laura Izibor,2009,hiphop
Stanky Legg,GS Boyz,2009,hiphop
Never Ever,Ciara Featuring Young Jeezy,2009,hiphop
Forever,"Drake Featuring Kanye West, Lil Wayne & Eminem",2009,hiphop
Can't Believe It,T-Pain Featuring Lil Wayne,2009,hiphop
Halle Berry (She's Fine),Hurricane Chris Featuring SupaSTAAR,2009,hiphop
"Lions, Tigers & Bears",Jazmine Sullivan,2009,hiphop
The Sweetest Love,Robin Thicke,2009,hiphop
Can't Live Without You,Charlie Wilson,2009,hiphop
Regret,LeToya Featuring Ludacris,2009,hiphop
5 Star Chick,Yo Gotti,2009,hiphop
One More Drink,Ludacris Co-Starring T-Pain,2009,hiphop
I Invented Sex,Trey Songz Featuring Drake,2009,hiphop
Heaven Sent,Keyshia Cole,2009,hiphop
Halo,Beyonce,2009,hiphop
Empire State Of Mind,Jay-Z + Alicia Keys,2009,hiphop
LOL :-),Trey Songz Featuring Gucci Mane & Soulja Boy Tell'em,2009,hiphop
Chocolate High,India.Arie Featuring Musiq Soulchild,2009,hiphop
You're A Jerk,New Boyz,2009,hiphop
Never Give You Up,Raphael Saadiq Featuring Stevie Wonder & CJ,2009,hiphop
Not Anymore,LeToya,2009,hiphop
It's Yours,J. Holiday,2009,hiphop
I Look To You,Whitney Houston,2009,hiphop
Make Tha Trap Say Aye,OJ Da Juiceman Featuring Gucci Mane,2009,hiphop
Papers,Usher,2009,hiphop
If I Were A Boy,Beyonce,2009,hiphop
Blame It On Me,Chrisette Michele,2009,hiphop
Lost,Gorilla Zoe,2009,hiphop
Imma Star (Everywhere We Are),Jeremih,2009,hiphop
Swagga Like Us,Jay-Z & T.I. Featuring Kanye West & Lil Wayne,2009,hiphop
Doesn't Mean Anything,Alicia Keys,2009,hiphop
Plenty Money,Plies,2009,hiphop
Download,Lil Kim Featuring T-Pain & Charlie Wilson,2009,hiphop
Imma Put It On Her,DAY26 Featuring P. Diddy & Yung Joc,2009,hiphop
The One,Mary J. Blige Featuring Drake,2009,hiphop
Trick'n,Mullage,2009,hiphop
Un-Thinkable (I'm Ready),Alicia Keys,2010,hiphop
There Goes My Baby,Usher,2010,hiphop
It Kills Me,Melanie Fiona,2010,hiphop
Everything To Me,Monica,2010,hiphop
Say Aah,Trey Songz Featuring Fabolous,2010,hiphop
Neighbors Know My Name,Trey Songz,2010,hiphop
Hey Daddy (Daddy's Home),Usher Featuring Plies,2010,hiphop
I Am,Mary J. Blige,2010,hiphop
Deuces,Chris Brown Featuring Tyga & Kevin McCall,2010,hiphop
Sex Therapy,Robin Thicke,2010,hiphop
Love All Over Me,Monica,2010,hiphop
I Invented Sex,Trey Songz Featuring Drake,2010,hiphop
How Low,Ludacris,2010,hiphop
Say Something,Timbaland Featuring Drake,2010,hiphop
Find Your Love,Drake,2010,hiphop
Over,Drake,2010,hiphop
My Chick Bad,Ludacris Featuring Nicki Minaj,2010,hiphop
Ain't Leavin Without You,Jaheim,2010,hiphop
Lose My Mind,Young Jeezy Featuring Plies,2010,hiphop
Try Sleeping With A Broken Heart,Alicia Keys,2010,hiphop
BedRock,Young Money Featuring Lloyd,2010,hiphop
Bittersweet,Fantasia,2010,hiphop
Fistful Of Tears,Maxwell,2010,hiphop
Miss Me,Drake Featuring Lil Wayne,2010,hiphop
Rude Boy,Rihanna,2010,hiphop
Your Love,Nicki Minaj,2010,hiphop
Ride,Ciara Featuring Ludacris,2010,hiphop
Finding My Way Back,Jaheim,2010,hiphop
OMG,Usher Featuring will.i.am,2010,hiphop
Nothin' On You,B.o.B Featuring Bruno Mars,2010,hiphop
Bottoms Up,Trey Songz Featuring Nicki Minaj,2010,hiphop
Lil Freak,Usher Featuring Nicki Minaj,2010,hiphop
Bad Habits,Maxwell,2010,hiphop
Money To Blow,Birdman Featuring Lil Wayne & Drake,2010,hiphop
Fancy,Drake Featuring T.I. & Swizz Beatz,2010,hiphop
Papers,Usher,2010,hiphop
Soldier Of Love,Sade,2010,hiphop
Holding You Down (Goin In Circles),Jazmine Sullivan,2010,hiphop
Sex Room,Ludacris Featuring Trey Songz,2010,hiphop
B.M.F. (Blowin' Money Fast),Rick Ross Featuring Styles P,2010,hiphop
All I Do Is Win,"DJ Khaled Featuring T-Pain, Ludacris, Snoop Dogg & Rick Ross",2010,hiphop
Champagne Life,Ne-Yo,2010,hiphop
Why Would You Stay?,Kem,2010,hiphop
Can't Be Friends,Trey Songz,2010,hiphop
Pretty Wings,Maxwell,2010,hiphop
Window Seat,Erykah Badu,2010,hiphop
You're The One,Dondria,2010,hiphop
O Let's Do It,Waka Flocka Flame,2010,hiphop
Empire State Of Mind,Jay-Z + Alicia Keys,2010,hiphop
Steady Mobbin',Young Money Featuring Gucci Mane,2010,hiphop
Teach Me How To Dougie,Cali Swag District,2010,hiphop
Pretty Boy Swag,Soulja Boy Tell'em,2010,hiphop
I'm Back,T.I.,2010,hiphop
On To The Next One,Jay-Z + Swizz Beatz,2010,hiphop
Got Your Back,T.I. Featuring Keri Hilson,2010,hiphop
No Hands,Waka Flocka Flame Featuring Roscoe Dash & Wale,2010,hiphop
I Wanna Rock,Snoop Dogg,2010,hiphop
Hot Tottie,Usher Featuring Jay-Z,2010,hiphop
Love The Way You Lie,Eminem Featuring Rihanna,2010,hiphop
God In Me,"Mary Mary Featuring Kierra ""KiKi"" Sheard",2010,hiphop
Right Above It,Lil Wayne Featuring Drake,2010,hiphop
Statistics,Lyfe Jennings,2010,hiphop
Lemonade,Gucci Mane,2010,hiphop
Baby By Me,50 Cent Featuring Ne-Yo,2010,hiphop
Hello Good Morning,Diddy - Dirty Money Featuring T.I.,2010,hiphop
Hard,Rihanna Featuring Jeezy,2010,hiphop
All The Way Turnt Up,Roscoe Dash Featuring Soulja Boy Tell'em,2010,hiphop
Imma Be,The Black Eyed Peas,2010,hiphop
All I Want Is You,Miguel Featuring J. Cole,2010,hiphop
Closer,Corinne Bailey Rae,2010,hiphop
Close To You,BeBe & CeCe Winans,2010,hiphop
Aston Martin Music,Rick Ross Featuring Drake & Chrisette Michele,2010,hiphop
Wasted,Gucci Mane Featuring Plies Or OJ Da Juiceman,2010,hiphop
Hold You (Hold Yuh),Gyptian,2010,hiphop
"Women Lie, Men Lie",Yo Gotti Featuring Lil Wayne,2010,hiphop
Forever,"Drake Featuring Kanye West, Lil Wayne & Eminem",2010,hiphop
Sometimes I Cry,Eric Benet,2010,hiphop
"Beamer, Benz, Or Bentley",Lloyd Banks Featuring Juelz Santana,2010,hiphop
Can't Live Without You,Charlie Wilson,2010,hiphop
We Got Hood Love,Mary J. Blige Featuring Trey Songz,2010,hiphop
Million Dollar Bill,Whitney Houston,2010,hiphop
Roger That,Young Money,2010,hiphop
I Can Transform Ya,Chris Brown Featuring Lil Wayne & Swizz Beatz,2010,hiphop
Whip My Hair,WILLOW,2010,hiphop
Lay It Down,Lloyd,2010,hiphop
Sponsor,Teairra Mari Featuring Gucci Mane & Soulja Boy Tell'em,2010,hiphop
Super High,Rick Ross Featuring Ne-Yo,2010,hiphop
Regret,LeToya Featuring Ludacris,2010,hiphop
I Like,Jeremih Featuring Ludacris,2010,hiphop
It's In The Morning,Robin Thicke Featuring Snoop Dogg,2010,hiphop
POWER,Kanye West,2010,hiphop
Spotlight,Gucci Mane Featuring Usher,2010,hiphop
Speedin',Omarion,2010,hiphop
Hard In Da Paint,Waka Flocka Flame,2010,hiphop
Can It Stay,Gerald Levert,2010,hiphop
Love Like This,Donell Jones,2010,hiphop
I'm Single,Lil Wayne,2010,hiphop
What's Not To Love,Dwele,2010,hiphop
Beat It Up,Gucci Mane Featuring Trey Songz,2010,hiphop
Hands Tied,Toni Braxton,2010,hiphop
Sure Thing,Miguel,2011,hiphop
Motivation,Kelly Rowland Featuring Lil Wayne,2011,hiphop
Look At Me Now,Chris Brown Featuring Lil Wayne & Busta Rhymes,2011,hiphop
I'm On One,"DJ Khaled Featuring Drake, Rick Ross & Lil Wayne",2011,hiphop
Far Away,Marsha Ambrosius,2011,hiphop
No Hands,Waka Flocka Flame Featuring Roscoe Dash & Wale,2011,hiphop
My Last,Big Sean Featuring Chris Brown,2011,hiphop
Can't Be Friends,Trey Songz,2011,hiphop
Moment 4 Life,Nicki Minaj Featuring Drake,2011,hiphop
She Ain't You,Chris Brown,2011,hiphop
Aston Martin Music,Rick Ross Featuring Drake & Chrisette Michele,2011,hiphop
All Of The Lights,Kanye West,2011,hiphop
6 Foot 7 Foot,Lil Wayne Featuring Cory Gunz,2011,hiphop
Love Faces,Trey Songz,2011,hiphop
How To Love,Lil Wayne,2011,hiphop
Fall For Your Type,Jamie Foxx Featuring Drake,2011,hiphop
No BS,Chris Brown,2011,hiphop
What's My Name?,Rihanna Featuring Drake,2011,hiphop
Pretty Girl Rock,Keri Hilson,2011,hiphop
Down On Me,Jeremih Featuring 50 Cent,2011,hiphop
I Smile,Kirk Franklin,2011,hiphop
Make A Movie,Twista Featuring Chris Brown,2011,hiphop
So In Love,Jill Scott Featuring Anthony Hamilton,2011,hiphop
Love Letter,R. Kelly,2011,hiphop
Best Thing I Never Had,Beyonce,2011,hiphop
Quickie,Miguel,2011,hiphop
Marvin & Chardonnay,Big Sean Featuring Kanye West & Roscoe Dash,2011,hiphop
Did It On'em,Nicki Minaj,2011,hiphop
You Are,Charlie Wilson,2011,hiphop
Hustle Hard,Ace Hood,2011,hiphop
Unusual,Trey Songz Featuring Drake,2011,hiphop
Otis,Jay Z Kanye West Featuring Otis Redding,2011,hiphop
Headlines,Drake,2011,hiphop
She Will,Lil Wayne Featuring Drake,2011,hiphop
That Way,Wale Featuring Jeremih & Rick Ross,2011,hiphop
Walking,Mary Mary,2011,hiphop
You Be Killin Em,Fabolous,2011,hiphop
Lay It Down,Lloyd,2011,hiphop
Out Of My Head,Lupe Fiasco Featuring Trey Songz,2011,hiphop
Marvins Room,Drake,2011,hiphop
Black And Yellow,Wiz Khalifa,2011,hiphop
Super Bass,Nicki Minaj,2011,hiphop
Racks,YC Featuring Future,2011,hiphop
Deuces,Chris Brown Featuring Tyga & Kevin McCall,2011,hiphop
I'm Doing Me,Fantasia,2011,hiphop
Ni**as in Paris,Jay Z Kanye West,2011,hiphop
Man Down,Rihanna,2011,hiphop
Roll Up,Wiz Khalifa,2011,hiphop
Wet The Bed,Chris Brown Featuring Ludacris,2011,hiphop
Share My Life,Kem,2011,hiphop
Right Thru Me,Nicki Minaj,2011,hiphop
Bring It Back,Travis Porter,2011,hiphop
Not My Daddy,Kelly Price Featuring Stokley,2011,hiphop
Where You At,Jennifer Hudson,2011,hiphop
4evermore,Anthony David Featuring Algebra,2011,hiphop
If It's Love,Kem Featuring Chrisette Michele,2011,hiphop
Lay With You,El Debarge Featuring Faith Evans,2011,hiphop
Pieces Of Me,Ledisi,2011,hiphop
Grove St. Party,Waka Flocka Flame Featuring Kebo Gotti,2011,hiphop
Party,Beyonce Featuring Andre 3000,2011,hiphop
One In A Million,Ne-Yo,2011,hiphop
Mrs. Right,Mindless Behavior Featuring Diggy,2011,hiphop
Body 2 Body,Ace Hood Featuring Chris Brown,2011,hiphop
John,Lil Wayne Featuring Rick Ross,2011,hiphop
Best Night Of My Life,Jamie Foxx Featuring Wiz Khalifa,2011,hiphop
Cupid,Lloyd Featuring Awesome Jones,2011,hiphop
10 Seconds,Jazmine Sullivan,2011,hiphop
There Goes My Baby,Usher,2011,hiphop
Life Of The Party,Charlie Wilson,2011,hiphop
Right Above It,Lil Wayne Featuring Drake,2011,hiphop
Yes,Musiq Soulchild,2011,hiphop
Make It Rain,Travis Porter,2011,hiphop
Bottoms Up,Trey Songz Featuring Nicki Minaj,2011,hiphop
No One Gonna Love You,Jennifer Hudson,2011,hiphop
When A Woman Loves,R. Kelly,2011,hiphop
Whip My Hair,WILLOW,2011,hiphop
All I Want Is You,Miguel Featuring J. Cole,2011,hiphop
Oh My,"DJ Drama Featuring Fabolous, Roscoe Dash & Wiz Khalifa",2011,hiphop
Fool For You,Cee Lo Green Featuring Melanie Fiona or Phillip Bailey,2011,hiphop
Ballin',Young Jeezy Featuring Lil Wayne,2011,hiphop
Radio Message,R. Kelly,2011,hiphop
Words,Bobby V,2011,hiphop
Novacane,Frank Ocean,2011,hiphop
Work Out,J. Cole,2011,hiphop
Take Me Away,Keyshia Cole,2011,hiphop
One Night Stand,Keri Hilson Featuring Chris Brown,2011,hiphop
On My Level,Wiz Khalifa Featuring Too $hort,2011,hiphop
Sometimes I Cry,Eric Benet,2011,hiphop
Your Love,Diddy - Dirty Money Featuring Trey Songz,2011,hiphop
Emergency,Tank,2011,hiphop
Love All Over Me,Monica,2011,hiphop
I Don't Deserve You,Lloyd Banks Featuring Jeremih,2011,hiphop
Welcome To My Hood,"DJ Khaled Featuring Rick Ross, Plies, Lil Wayne & T-Pain",2011,hiphop
Anything,Musiq Soulchild Featuring Swizz Beats,2011,hiphop
H*A*M,Kanye West Jay Z,2011,hiphop
Fire Flame,Birdman Featuring Lil Wayne,2011,hiphop
Loving You No More,Diddy - Dirty Money Featuring Drake,2011,hiphop
Someone To Love Me (Naked),Mary J. Blige Featuring Diddy & Lil Wayne,2011,hiphop
Champagne Life,Ne-Yo,2011,hiphop
Love On Top,Beyonce,2012,hiphop
Climax,Usher,2012,hiphop
Lotus Flower Bomb,Wale Featuring Miguel,2012,hiphop
The Motto,Drake Featuring Lil Wayne,2012,hiphop
Mercy,"Kanye West, Big Sean, Pusha T, 2 Chainz",2012,hiphop
Adorn,Miguel,2012,hiphop
Heart Attack,Trey Songz,2012,hiphop
No Lie,2 Chainz Featuring Drake,2012,hiphop
Strip,Chris Brown Featuring Kevin K-MAC McCall,2012,hiphop
Make Me Proud,Drake Featuring Nicki Minaj,2012,hiphop
Ni**as in Paris,Jay Z Kanye West,2012,hiphop
Nobody's Perfect,J. Cole Featuring Missy Elliott,2012,hiphop
Drank In My Cup,Kirko Bangz,2012,hiphop
Lemme See,Usher Featuring Rick Ross,2012,hiphop
Birthday Cake,Rihanna Featuring Chris Brown,2012,hiphop
Cashin' Out,Ca$h Out,2012,hiphop
Party,Beyonce Featuring Andre 3000,2012,hiphop
UP!,LoveRance Featuring IamSu & Skipper or 50 Cent,2012,hiphop
Another Round,Fat Joe Featuring Chris Brown,2012,hiphop
Dance (A$$),Big Sean Featuring Nicki Minaj,2012,hiphop
Leave You Alone,Young Jeezy Featuring Ne-Yo,2012,hiphop
Stay,Tyrese,2012,hiphop
Bag Of Money,"Wale Featuring Rick Ross, Meek Mill & T-Pain",2012,hiphop
Thank You,Estelle,2012,hiphop
Can't Get Enough,J. Cole Featuring Trey Songz,2012,hiphop
Mr. Wrong,Mary J. Blige Featuring Drake,2012,hiphop
Tonight (Best You Ever Had),John Legend Featuring Ludacris,2012,hiphop
I Do,Young Jeezy Featuring Jay-Z & Andre 3000,2012,hiphop
Take It To The Head,"DJ Khaled Featuring Chris Brown, Rick Ross, Nicki Minaj & Lil Wayne",2012,hiphop
Pop That,"French Montana Featuring Rick Ross, Drake, Lil Wayne",2012,hiphop
Rack City,Tyga,2012,hiphop
Crew Love,Drake Featuring The Weeknd,2012,hiphop
Dance For You,Beyonce,2012,hiphop
Put It Down,Brandy Featuring Chris Brown,2012,hiphop
Turn On The Lights,Future,2012,hiphop
You The Boss,Rick Ross Featuring Nicki Minaj,2012,hiphop
Ayy Ladies,Travis Porter Featuring Tyga,2012,hiphop
That Way,Wale Featuring Jeremih & Rick Ross,2012,hiphop
Sex Ain't Better Than Love,Trey Songz,2012,hiphop
Amen,Meek Mill Featuring Drake,2012,hiphop
Pray For Me,Anthony Hamilton,2012,hiphop
Love After War,Robin Thicke,2012,hiphop
Dive In,Trey Songz,2012,hiphop
Beez In The Trap,Nicki Minaj Featuring 2 Chainz,2012,hiphop
Thinkin Bout You,Frank Ocean,2012,hiphop
Refill,Elle Varner,2012,hiphop
Bandz A Make Her Dance,Juicy J Featuring Lil Wayne & 2 Chainz,2012,hiphop
She Will,Lil Wayne Featuring Drake,2012,hiphop
Enough Of No Love,Keyshia Cole Featuring Lil Wayne,2012,hiphop
Fool For You,Cee Lo Green Featuring Melanie Fiona or Phillip Bailey,2012,hiphop
Headlines,Drake,2012,hiphop
2 Reasons,Trey Songz Featuring T.I.,2012,hiphop
Do It Like You,Diggy Featuring Jeremih,2012,hiphop
Take Care,Drake Featuring Rihanna,2012,hiphop
Round Of Applause,Waka Flocka Flame Featuring Drake,2012,hiphop
Magic,Future Featuring T.I.,2012,hiphop
Birthday Song,2 Chainz Featuring Kanye West,2012,hiphop
Clique,"Kanye West, Jay-Z, Big Sean",2012,hiphop
Gotta Have It,Jay Z Kanye West,2012,hiphop
Share My Love,R. Kelly,2012,hiphop
Countdown,Beyonce,2012,hiphop
Same Damn Time,Future,2012,hiphop
Work Out,J. Cole,2012,hiphop
"Work Hard, Play Hard",Wiz Khalifa,2012,hiphop
Feelin' Single,R. Kelly,2012,hiphop
Blessed,Jill Scott,2012,hiphop
Woo,Anthony Hamilton,2012,hiphop
You're On My Mind,Kem,2012,hiphop
Lately,Anita Baker,2012,hiphop
5 O'Clock,T-Pain Featuring Wiz Khalifa & Lily Allen,2012,hiphop
Touch'N You,Rick Ross Featuring Usher,2012,hiphop
Talk That Talk,Rihanna Featuring Jay-Z,2012,hiphop
Go Get It,Mary Mary,2012,hiphop
Beautiful Surprise,Tamia,2012,hiphop
Real Love,Eric Benet,2012,hiphop
Right By My Side,Nicki Minaj Featuring Chris Brown,2012,hiphop
Stay Together,Ledisi Featuring Jaheim,2012,hiphop
Girl On Fire,Alicia Keys Featuring Nicki Minaj,2012,hiphop
Sweet Love,Chris Brown,2012,hiphop
All Tied Up,Robin Thicke,2012,hiphop
Body 2 Body,Ace Hood Featuring Chris Brown,2012,hiphop
Sabotage,Wale Featuring Lloyd,2012,hiphop
Till I Die,Chris Brown Featuring Big Sean & Wiz Khalifa,2012,hiphop
Faded,Tyga Featuring Lil Wayne,2012,hiphop
Wet The Bed,Chris Brown Featuring Ludacris,2012,hiphop
Sure Thing,Miguel,2012,hiphop
Until It's Gone,Monica,2012,hiphop
Swimming Pools (Drank),Kendrick Lamar,2012,hiphop
Diced Pineapples,Rick Ross Featuring Wale & Drake,2012,hiphop
Ice,Kelly Rowland Featuring Lil Wayne,2012,hiphop
Next Breath,Tank,2012,hiphop
Marvin & Chardonnay,Big Sean Featuring Kanye West & Roscoe Dash,2012,hiphop
Let's Talk,Omarion Featuring Rick Ross,2012,hiphop
I Don't Like,Chief Keef Featuring Lil Reese,2012,hiphop
Lazy Love,Ne-Yo,2012,hiphop
My Homies Still,Lil Wayne Featuring Big Sean,2012,hiphop
So Gone (What My Mind Says),Jill Scott Featuring Paul Wall,2012,hiphop
No Worries,Lil Wayne Featuring Detail,2012,hiphop
Thrift Shop,Macklemore & Ryan Lewis Featuring Wanz,2013,hiphop
Blurred Lines,Robin Thicke Featuring T.I. + Pharrell,2013,hiphop
Can't Hold Us,Macklemore & Ryan Lewis Featuring Ray Dalton,2013,hiphop
Suit & Tie,Justin Timberlake Featuring JAY Z,2013,hiphop
Holy Grail,Jay Z Featuring Justin Timberlake,2013,hiphop
Diamonds,Rihanna,2013,hiphop
Started From The Bottom,Drake,2013,hiphop
F**kin Problems,"A$AP Rocky Featuring Drake, 2 Chainz & Kendrick Lamar",2013,hiphop
"Hold On, We're Going Home",Drake Featuring Majid Jordan,2013,hiphop
Love Me,Lil Wayne Featuring Drake & Future,2013,hiphop
Power Trip,J. Cole Featuring Miguel,2013,hiphop
Girl On Fire,Alicia Keys Featuring Nicki Minaj,2013,hiphop
Same Love,Macklemore & Ryan Lewis Featuring Mary Lambert,2013,hiphop
Bad,Wale Featuring Tiara Thomas Or Rihanna,2013,hiphop
Adorn,Miguel,2013,hiphop
Pour It Up,Rihanna,2013,hiphop
Swimming Pools (Drank),Kendrick Lamar,2013,hiphop
Berzerk,Eminem,2013,hiphop
Body Party,Ciara,2013,hiphop
"Bitch, Don't Kill My Vibe",Kendrick Lamar,2013,hiphop
U.O.E.N.O.,Rocko Featuring Future & Rick Ross,2013,hiphop
#Beautiful,Mariah Carey Featuring Miguel,2013,hiphop
Poetic Justice,Kendrick Lamar Featuring Drake,2013,hiphop
Next To Me,Emeli Sande,2013,hiphop
Crooked Smile,J. Cole Featuring TLC,2013,hiphop
Bugatti,Ace Hood Featuring Future & Rick Ross,2013,hiphop
I'm Different,2 Chainz,2013,hiphop
Rich As F**k,Lil Wayne Featuring 2 Chainz,2013,hiphop
Clique,"Kanye West, Jay-Z, Big Sean",2013,hiphop
Gas Pedal,Sage The Gemini Featuring IamSu!,2013,hiphop
Love More,Chris Brown Featuring Nicki Minaj,2013,hiphop
23,"Mike WiLL Made-It Featuring Miley Cyrus, Wiz Khalifa & Juicy J",2013,hiphop
Fine China,Chris Brown,2013,hiphop
All Gold Everything,Trinidad James,2013,hiphop
No New Friends (SFTB Remix),"DJ Khaled Featuring Drake, Rick Ross & Lil Wayne",2013,hiphop
No Worries,Lil Wayne Featuring Detail,2013,hiphop
Thinkin Bout You,Frank Ocean,2013,hiphop
Bandz A Make Her Dance,Juicy J Featuring Lil Wayne & 2 Chainz,2013,hiphop
We Still In This B****,B.o.B Featuring T.I. & Juicy J,2013,hiphop
Beware,Big Sean Featuring Lil Wayne & Jhene Aiko,2013,hiphop
Tapout,"Rich Gang Featuring Lil Wayne, Birdman, Future, Mack Maine, Nicki Minaj",2013,hiphop
The Monster,Eminem Featuring Rihanna,2013,hiphop
Type Of Way,Rich Homie Quan,2013,hiphop
Take Back The Night,Justin Timberlake,2013,hiphop
Give It 2 U,Robin Thicke Featuring Kendrick Lamar,2013,hiphop
Red Nose,Sage The Gemini,2013,hiphop
Wicked Games,The Weeknd,2013,hiphop
Loveeeeeee Song,Rihanna Featuring Future,2013,hiphop
Tom Ford,JAY-Z,2013,hiphop
Beat It,Sean Kingston Featuring Chris Brown & Wiz Khalifa,2013,hiphop
Neva End,Future,2013,hiphop
R.I.P.,Young Jeezy Featuring 2 Chainz,2013,hiphop
Love And War,Tamar Braxton,2013,hiphop
Battle Scars,Lupe Fiasco & Guy Sebastian,2013,hiphop
HeadBand,B.o.B Featuring 2 Chainz,2013,hiphop
How Many Drinks?,Miguel,2013,hiphop
Ball,T.I. Featuring Lil Wayne,2013,hiphop
Don't Drop That Thun Thun!,The FiNATTiCZ,2013,hiphop
Ain't Worried About Nothin,French Montana,2013,hiphop
I Luv This Sh*t,August Alsina Featuring Trinidad James,2013,hiphop
Feds Watching,2 Chainz Featuring Pharrell,2013,hiphop
High School,Nicki Minaj Featuring Lil Wayne,2013,hiphop
My Hitta,YG Featuring Jeezy & Rich Homie Quan,2013,hiphop
Love Sosa,Chief Keef,2013,hiphop
Rap God,Eminem,2013,hiphop
We Own It (Fast & Furious),2 Chainz & Wiz Khalifa,2013,hiphop
Kisses Down Low,Kelly Rowland,2013,hiphop
Who Booty,Jonn Hart Featuring IamSU!,2013,hiphop
Don't Judge Me,Chris Brown,2013,hiphop
Wild For The Night,A$AP Rocky Featuring Skrillex,2013,hiphop
All Me,Drake Featuring 2 Chainz & Big Sean,2013,hiphop
Karate Chop (Remix),Future Featuring Lil Wayne,2013,hiphop
F*ckwithmeyouknowigotit,Jay Z Featuring Rick Ross,2013,hiphop
TKO,Justin Timberlake,2013,hiphop
Pop That,"French Montana Featuring Rick Ross, Drake, Lil Wayne",2013,hiphop
Molly,"Tyga Featuring Cedric Gervais, Wiz Khalifa & Mally Mall",2013,hiphop
Bounce It,Juicy J Featuring Wale & Trey Songz,2013,hiphop
Guap,Big Sean,2013,hiphop
Remember You,Wiz Khalifa Featuring The Weeknd,2013,hiphop
Survival,Eminem,2013,hiphop
White Walls,Macklemore & Ryan Lewis Featuring ScHoolboy Q & Hollis,2013,hiphop
Honest,Future,2013,hiphop
Without Me,Fantasia Featuring Kelly Rowland & Missy Elliott,2013,hiphop
Ready,Fabolous Featuring Chris Brown,2013,hiphop
Dope,Tyga Featuring Rick Ross,2013,hiphop
Memories Back Then,"Hustle Gang Featuring T.I., B.o.B, Kendrick Lamar & Kris Stephens",2013,hiphop
Birthday Song,2 Chainz Featuring Kanye West,2013,hiphop
The One,Tamar Braxton,2013,hiphop
Show Out,Juicy J Featuring Big Sean & Young Jeezy,2013,hiphop
It Won't Stop,Sevyn Streeter Featuring Chris Brown,2013,hiphop
Bubble Butt,"Major Lazer Featuring Bruno Mars, Tyga & Mystic",2013,hiphop
Mercy,"Kanye West, Big Sean, Pusha T, 2 Chainz",2013,hiphop
V.S.O.P.,K. Michelle,2013,hiphop
No Lie,2 Chainz Featuring Drake,2013,hiphop
Freaks,French Montana Featuring Nicki Minaj,2013,hiphop
Work,A$AP Ferg,2013,hiphop
LoveHate Thing,Wale Featuring Sam Dew,2013,hiphop
I'm Out,Ciara Featuring Nicki Minaj,2013,hiphop
Versace,Migos,2013,hiphop
Celebration,"Game Featuring Chris Brown, Tyga, Wiz Khalifa & Lil Wayne",2013,hiphop
Happy,Pharrell Williams,2014,hiphop
All Of Me,John Legend,2014,hiphop
Fancy,Iggy Azalea Featuring Charli XCX,2014,hiphop
Talk Dirty,Jason Derulo Featuring 2 Chainz,2014,hiphop
The Monster,Eminem Featuring Rihanna,2014,hiphop
Black Widow,Iggy Azalea Featuring Rita Ora,2014,hiphop
Drunk In Love,Beyonce Featuring Jay Z,2014,hiphop
Wiggle,Jason Derulo Featuring Snoop Dogg,2014,hiphop
Anaconda,Nicki Minaj,2014,hiphop
Loyal,Chris Brown Featuring Lil Wayne & French Montana Or Too $hort Or Tyga,2014,hiphop
Don't Tell 'Em,Jeremih Featuring YG,2014,hiphop
Show Me,Kid Ink Featuring Chris Brown,2014,hiphop
The Man,Aloe Blacc,2014,hiphop
Hot Boy,Bobby Shmurda,2014,hiphop
2 On,Tinashe Featuring ScHoolboy Q,2014,hiphop
Na Na,Trey Songz,2014,hiphop
My Hitta,YG Featuring Jeezy & Rich Homie Quan,2014,hiphop
"Hold On, We're Going Home",Drake Featuring Majid Jordan,2014,hiphop
Lifestyle,Rich Gang Featuring Young Thug & Rich Homie Quan,2014,hiphop
New Flame,Chris Brown Featuring Usher & Rick Ross,2014,hiphop
Partition,Beyonce,2014,hiphop
Love Never Felt So Good,Michael Jackson & Justin Timberlake,2014,hiphop
No Mediocre,T.I. Featuring Iggy Azalea,2014,hiphop
Studio,ScHoolboy Q Featuring BJ The Chicago Kid,2014,hiphop
23,"Mike WiLL Made-It Featuring Miley Cyrus, Wiz Khalifa & Juicy J",2014,hiphop
White Walls,Macklemore & Ryan Lewis Featuring ScHoolboy Q & Hollis,2014,hiphop
Believe Me,Lil Wayne Featuring Drake,2014,hiphop
Paranoid,Ty Dolla $ign Featuring B.o.B,2014,hiphop
0 To 100 / The Catch Up,Drake,2014,hiphop
Pills N Potions,Nicki Minaj,2014,hiphop
The Worst,Jhene Aiko,2014,hiphop
We Dem Boyz,Wiz Khalifa,2014,hiphop
Or Nah,Ty Dolla $ign Featuring Wiz Khalifa & DJ Mustard,2014,hiphop
Rap God,Eminem,2014,hiphop
No Flex Zone,Rae Sremmurd,2014,hiphop
Blurred Lines,Robin Thicke Featuring T.I. + Pharrell,2014,hiphop
Trophies,Young Money Featuring Drake,2014,hiphop
Who Do You Love?,YG Featuring Drake,2014,hiphop
All Me,Drake Featuring 2 Chainz & Big Sean,2014,hiphop
About The Money,T.I. Featuring Young Thug,2014,hiphop
It Won't Stop,Sevyn Streeter Featuring Chris Brown,2014,hiphop
Move That Doh,"Future Featuring Pharrell, Pusha T & Casino",2014,hiphop
Main Chick,Kid Ink Featuring Chris Brown,2014,hiphop
Cut Her Off,KCamp Featuring 2 Chainz,2014,hiphop
Work,Iggy Azalea,2014,hiphop
Up Down (Do This All Day),T-Pain Featuring B.o.B,2014,hiphop
Come Get It Bae,Pharrell Williams,2014,hiphop
Stoner,Young Thug,2014,hiphop
Good Kisser,Usher,2014,hiphop
V. 3005,Childish Gambino,2014,hiphop
"Touchin, Lovin",Trey Songz Featuring Nicki Minaj,2014,hiphop
I Don't F**k With You,Big Sean Featuring E-40,2014,hiphop
No Type,Rae Sremmurd,2014,hiphop
Tuesday,I LOVE MAKONNEN Featuring Drake,2014,hiphop
Man Of The Year,ScHoolboy Q,2014,hiphop
Hold You Down,"DJ Khaled Featuring Chris Brown, August Alsina, Future & Jeremih",2014,hiphop
Love More,Chris Brown Featuring Nicki Minaj,2014,hiphop
Holy Grail,Jay Z Featuring Justin Timberlake,2014,hiphop
Fight Night,Migos,2014,hiphop
XO,Beyonce,2014,hiphop
The Language,Drake,2014,hiphop
Ride,SoMo,2014,hiphop
Part II (On The Run),Jay Z Featuring Beyonce,2014,hiphop
Gas Pedal,Sage The Gemini Featuring IamSu!,2014,hiphop
i,Kendrick Lamar,2014,hiphop
Hookah,Tyga Featuring Young Thug,2014,hiphop
Headlights,Eminem Featuring Nate Ruess,2014,hiphop
Foreign,Trey Songz,2014,hiphop
***Flawless,Beyonce Featuring Nicki Minaj Or Chimamanda Ngozi Adichie,2014,hiphop
She Twerkin,Ca$h Out,2014,hiphop
Bound 2,Kanye West,2014,hiphop
24 Hours,TeeFLii Featuring 2 Chainz,2014,hiphop
They Don't Know,Rico Love,2014,hiphop
TKO,Justin Timberlake,2014,hiphop
Handsome And Wealthy,Migos,2014,hiphop
I Won,Future Featuring Kanye West,2014,hiphop
Walk Thru,Rich Homie Quan Featuring Problem,2014,hiphop
You & I (Nobody In The World),John Legend,2014,hiphop
I Luv This Sh*t,August Alsina Featuring Trinidad James,2014,hiphop
You And Your Friends,Wiz Khalifa Featuring Snoop Dogg & Ty Dolla $ign,2014,hiphop
Can't Raise A Man,K. Michelle,2014,hiphop
Berzerk,Eminem,2014,hiphop
2AM.,Adrian Marcel Featuring Sage The Gemini,2014,hiphop
Survival,Eminem,2014,hiphop
Confident,Justin Bieber Featuring Chance The Rapper,2014,hiphop
Feelin' Myself,"will.i.am Featuring Miley Cyrus, French Montana, Wiz Khalifa & DJ Mustard",2014,hiphop
Seen It All,Jeezy Featuring Jay Z,2014,hiphop
I Mean It,G-Eazy Featuring Remo,2014,hiphop
Money Baby,KCamp Featuring Kwony Ca$h,2014,hiphop
Yayo,Snootie Wild & Yo Gotti & DJ Drama,2014,hiphop
No Love,August Alsina,2014,hiphop
Worst Behavior,Drake,2014,hiphop
Tom Ford,JAY-Z,2014,hiphop
I Know,Yo Gotti Featuring Rich Homie Quan,2014,hiphop
HeadBand,B.o.B Featuring 2 Chainz,2014,hiphop
Guts Over Fear,Eminem Featuring Sia,2014,hiphop
Often,The Weeknd,2014,hiphop
She Knows,J. Cole Featuring Amber Coffman & The Cults,2014,hiphop
John Doe,B.o.B Featuring Priscilla,2014,hiphop
Red Nose,Sage The Gemini,2014,hiphop
See You Again,Wiz Khalifa Featuring Charlie Puth,2015,hiphop
Trap Queen,Fetty Wap,2015,hiphop
Watch Me,Silento,2015,hiphop
The Hills,The Weeknd,2015,hiphop
Can't Feel My Face,The Weeknd,2015,hiphop
Earned It (Fifty Shades Of Grey),The Weeknd,2015,hiphop
679,Fetty Wap Featuring Remy Boyz,2015,hiphop
Hotline Bling,Drake,2015,hiphop
Post To Be,Omarion Featuring Chris Brown & Jhene Aiko,2015,hiphop
G.D.F.R.,Flo Rida Featuring Sage The Gemini & Lookas,2015,hiphop
FourFiveSeconds,Rihanna & Kanye West & Paul McCartney,2015,hiphop
Somebody,Natalie La Rose Featuring Jeremih,2015,hiphop
My Way,Fetty Wap Featuring Monty,2015,hiphop
B**** Better Have My Money,Rihanna,2015,hiphop
Nasty Freestyle,T-Wayne,2015,hiphop
Only,"Nicki Minaj Featuring Drake, Lil Wayne & Chris Brown",2015,hiphop
I Don't Mind,Usher Featuring Juicy J,2015,hiphop
I Don't F**k With You,Big Sean Featuring E-40,2015,hiphop
7/11,Beyonce,2015,hiphop
Flex (Ooh Ooh Ooh),Rich Homie Quan,2015,hiphop
Truffle Butter,Nicki Minaj Featuring Drake & Lil Wayne,2015,hiphop
Classic Man,Jidenna Featuring Roman GianArthur,2015,hiphop
All Eyes On You,Meek Mill Featuring Chris Brown & Nicki Minaj,2015,hiphop
Blessings,Big Sean Featuring Drake,2015,hiphop
No Type,Rae Sremmurd,2015,hiphop
One Dance,Drake Featuring WizKid & Kyla,2016,hiphop
Panda,Desiigner,2016,hiphop
Work,Rihanna Featuring Drake,2016,hiphop
Needed Me,Rihanna,2016,hiphop
"Me, Myself & I",G-Eazy x Bebe Rexha,2016,hiphop
Hotline Bling,Drake,2016,hiphop
Too Good,Drake Featuring Rihanna,2016,hiphop
Broccoli,D.R.A.M. Featuring Lil Yachty,2016,hiphop
Here,Alessia Cara,2016,hiphop
The Hills,The Weeknd,2016,hiphop
Controlla,Drake,2016,hiphop
Jumpman,Drake & Future,2016,hiphop
Don't Mind,Kent Jones,2016,hiphop
Don't,Bryson Tiller,2016,hiphop
Low Life,Future Featuring The Weeknd,2016,hiphop
For Free,DJ Khaled Featuring Drake,2016,hiphop
Starboy,The Weeknd Featuring Daft Punk,2016,hiphop
2 Phones,Kevin Gates,2016,hiphop
Oui,Jeremih,2016,hiphop
In The Night,The Weeknd,2016,hiphop
Down In The DM,Yo Gotti Featuring Nicki Minaj,2016,hiphop
Luv,Tory Lanez,2016,hiphop
Sorry,Beyonce,2016,hiphop
Say It,Tory Lanez,2016,hiphop
Sucker For Pain,"Lil Wayne, Wiz Khalifa & Imagine Dragons With Logic & Ty Dolla $ign Feat. X Ambassadors",2016,hiphop
Exchange,Bryson Tiller,2016,hiphop
Antidote,Travis Scott,2016,hiphop
Pop Style,Drake Featuring The Throne,2016,hiphop
679,Fetty Wap Featuring Remy Boyz,2016,hiphop
White Iverson,Post Malone,2016,hiphop
Cut It,O.T. Genasis Featuring Young Dolph,2016,hiphop
Back To Sleep,Chris Brown,2016,hiphop
No Limit,Usher Featuring Young Thug,2016,hiphop
Wicked,Future,2016,hiphop
Tiimmy Turner,Desiigner,2016,hiphop
Black Beatles,Rae Sremmurd Featuring Gucci Mane,2016,hiphop
Really Really,Kevin Gates,2016,hiphop
Father Stretch My Hands Pt. 1,Kanye West,2016,hiphop
Summer Sixteen,Drake,2016,hiphop
No Problem,Chance The Rapper Featuring Lil Wayne & 2 Chainz,2016,hiphop
I Got The Keys,DJ Khaled Featuring Jay Z & Future,2016,hiphop
Money Longer,Lil Uzi Vert,2016,hiphop
Uber Everywhere,MadeinTYO,2016,hiphop
THat Part,ScHoolboy Q Featuring Kanye West,2016,hiphop
Best Friend,Young Thug,2016,hiphop
Can't Feel My Face,The Weeknd,2016,hiphop
Hold Up,Beyonce,2016,hiphop
Come And See Me,PARTYNEXTDOOR Featuring Drake,2016,hiphop
Juju On That Beat (TZ Anthem),Zay Hilfigerrr & Zayion McCall,2016,hiphop
Chill Bill,Rob $tone Featuring J. Davi$ & Spooks,2016,hiphop
Pick Up The Phone,Young Thug And Travis Scott Featuring Quavo,2016,hiphop
OOOUUU,Young M.A,2016,hiphop
My PYT,Wale,2016,hiphop
1 Night,Lil Yachty,2016,hiphop
Again,Fetty Wap,2016,hiphop
Childs Play,Drake,2016,hiphop
Formation,Beyonce,2016,hiphop
Wake Up,Fetty Wap,2016,hiphop
Caroline,Amine,2016,hiphop
Famous,Kanye West,2016,hiphop
You Was Right,Lil Uzi Vert,2016,hiphop
Body,Dreezy Featuring Jeremih,2016,hiphop
Still Here,Drake,2016,hiphop
Do It Like Me,DLOW,2016,hiphop
Promise,Kid Ink Featuring Fetty Wap,2016,hiphop
Hit The Quan,iLoveMemphis,2016,hiphop
"Wat U Mean (Aye, Aye, Aye)",Dae Dae,2016,hiphop
Might Not,Belly Featuring The Weeknd,2016,hiphop
Why You Always Hatin?,YG Featuring Drake & Kamaiyah,2016,hiphop
Hype,Drake,2016,hiphop
Kiss It Better,Rihanna,2016,hiphop
Big Rings,Drake & Future,2016,hiphop
My Boo,Ghost Town DJ's,2016,hiphop
Where Ya At,Future Featuring Drake,2016,hiphop
Lockjaw,French Montana Featuring Kodak Black,2016,hiphop
WTF (Where They From),Missy Elliott Featuring Pharrell Williams,2016,hiphop
X,21 Savage & Metro Boomin Featuring Future,2016,hiphop
Sorry Not Sorry,Bryson Tiller,2016,hiphop
Acquainted,The Weeknd,2016,hiphop
No Shopping,French Montana Featuring Drake,2016,hiphop
Watch Out,2 Chainz,2016,hiphop
Gangsta,Kehlani,2016,hiphop
Sex With Me,Rihanna,2016,hiphop
Wishing,"DJ Drama Featuring Chris Brown, Skeme & Lyquin",2016,hiphop
Back Up,DeJ Loaf Featuring Big Sean,2016,hiphop
Look Alive,Rae Sremmurd,2016,hiphop
Grammys,Drake Featuring Future,2016,hiphop
Law,Yo Gotti Featuring E-40,2016,hiphop
Too Much Sauce,DJ ESCO Featuring Future & Lil Uzi Vert,2016,hiphop
The Fix,Nelly Featuring Jeremih,2016,hiphop
Key To The Streets,YFN Lucci Featuring Migos & Trouble,2016,hiphop
Grass Ain't Greener,Chris Brown,2016,hiphop
Fade,Kanye West,2016,hiphop
New Level,A$AP Ferg Featuring Future,2016,hiphop
Moolah,Young Greatness,2016,hiphop
With You,Drake Featuring PARTYNEXTDOOR,2016,hiphop
Stick Talk,Future,2016,hiphop
Might Be,DJ Luke Nasty,2016,hiphop
That's What I Like,Bruno Mars,2017,hiphop
Humble.,Kendrick Lamar,2017,hiphop
I'm The One,"DJ Khaled Featuring Justin Bieber, Quavo, Chance The Rapper & Lil Wayne",2017,hiphop
Bad And Boujee,Migos Featuring Lil Uzi Vert,2017,hiphop
Unforgettable,French Montana Featuring Swae Lee,2017,hiphop
Congratulations,Post Malone Featuring Quavo,2017,hiphop
Mask Off,Future,2017,hiphop
Wild Thoughts,DJ Khaled Featuring Rihanna & Bryson Tiller,2017,hiphop
XO TOUR Llif3,Lil Uzi Vert,2017,hiphop
Bodak Yellow (Money Moves),Cardi B,2017,hiphop
Black Beatles,Rae Sremmurd Featuring Gucci Mane,2017,hiphop
24K Magic,Bruno Mars,2017,hiphop
Starboy,The Weeknd Featuring Daft Punk,2017,hiphop
iSpy,KYLE Featuring Lil Yachty,2017,hiphop
Redbone,Childish Gambino,2017,hiphop
1-800-273-8255,Logic Featuring Alessia Cara & Khalid,2017,hiphop
I Feel It Coming,The Weeknd Featuring Daft Punk,2017,hiphop
Fake Love,Drake,2017,hiphop
Bounce Back,Big Sean,2017,hiphop
Bad Things,Machine Gun Kelly x Camila Cabello,2017,hiphop
Love On The Brain,Rihanna,2017,hiphop
Location,Khalid,2017,hiphop
Bank Account,21 Savage,2017,hiphop
Rake It Up,Yo Gotti Featuring Nicki Minaj,2017,hiphop
T-Shirt,Migos,2017,hiphop
Tunnel Vision,Kodak Black,2017,hiphop
Rockstar,Post Malone Featuring 21 Savage,2017,hiphop
Rolex,Ayo & Teo,2017,hiphop
DNA.,Kendrick Lamar,2017,hiphop
Juju On That Beat (TZ Anthem),Zay Hilfigerrr & Zayion McCall,2017,hiphop
Passionfruit,Drake,2017,hiphop
Swang,Rae Sremmurd,2017,hiphop
Loyalty.,Kendrick Lamar Featuring Rihanna,2017,hiphop
Slide,Calvin Harris Featuring Frank Ocean & Migos,2017,hiphop
Drowning,A Boogie Wit da Hoodie Featuring Kodak Black,2017,hiphop
Both,Gucci Mane Featuring Drake,2017,hiphop
Caroline,Amine,2017,hiphop
Feels,"Calvin Harris Featuring Pharrell Williams, Katy Perry & Big Sean",2017,hiphop
Love Galore,SZA Featuring Travis Scott,2017,hiphop
Slippery,Migos Featuring Gucci Mane,2017,hiphop
Young Dumb & Broke,Khalid,2017,hiphop
Magnolia,Playboi Carti,2017,hiphop
Everyday We Lit,YFN Lucci Featuring PnB Rock,2017,hiphop
Do Re Mi,blackbear,2017,hiphop
I Get The Bag,Gucci Mane Featuring Migos,2017,hiphop
Butterfly Effect,Travis Scott,2017,hiphop
Look At Me!,XXXTENTACION,2017,hiphop
Crew,GoldLink Featuring Brent Faiyaz & Shy Glizzy,2017,hiphop
Love.,Kendrick Lamar Featuring Zacari,2017,hiphop
Party,Chris Brown Featuring Usher & Gucci Mane,2017,hiphop
Deja Vu,J. Cole,2017,hiphop
Portland,Drake Featuring Quavo & Travis Scott,2017,hiphop
It's A Vibe,"2 Chainz Featuring Ty Dolla $ign, Trey Songz & Jhene Aiko",2017,hiphop
The Weekend,SZA,2017,hiphop
First Day Out,Tee Grizzley,2017,hiphop
Party Monster,The Weeknd,2017,hiphop
Love Me Now,John Legend,2017,hiphop
Gucci Gang,Lil Pump,2017,hiphop
Versace On The Floor,Bruno Mars,2017,hiphop
Goosebumps,Travis Scott,2017,hiphop
Moves,Big Sean,2017,hiphop
Used To This,Future Featuring Drake,2017,hiphop
Losin Control,Russ,2017,hiphop
The Race,Tay-K,2017,hiphop
OOOUUU,Young M.A,2017,hiphop
Privacy,Chris Brown,2017,hiphop
Whatever You Need,Meek Mill Featuring Chris Brown & Ty Dolla $ign,2017,hiphop
Shining,DJ Khaled Featuring Beyonce & JAY Z,2017,hiphop
No Heart,21 Savage & Metro Boomin,2017,hiphop
The Way Life Goes,Lil Uzi Vert Featuring Nicki Minaj,2017,hiphop
Reminder,The Weeknd,2017,hiphop
Roll In Peace,Kodak Black Featuring XXXTENTACION,2017,hiphop
Good Drank,2 Chainz x Gucci Mane x Quavo,2017,hiphop
X,21 Savage & Metro Boomin Featuring Future,2017,hiphop
Jocelyn Flores,XXXTENTACION,2017,hiphop
Element.,Kendrick Lamar,2017,hiphop
Chill Bill,Rob $tone Featuring J. Davi$ & Spooks,2017,hiphop
No Limit,G-Eazy Featuring A$AP Rocky & Cardi B,2017,hiphop
Wokeuplikethis*,Playboi Carti Featuring Lil Uzi Vert,2017,hiphop
Selfish,PnB Rock,2017,hiphop
I Fall Apart,Post Malone,2017,hiphop
Relationship,Young Thug Featuring Future,2017,hiphop
Gyalchester,Drake,2017,hiphop
Transportin',Kodak Black,2017,hiphop
Selfish,Future Featuring Rihanna,2017,hiphop
B.E.D.,Jacquees,2017,hiphop
Broccoli,D.R.A.M. Featuring Lil Yachty,2017,hiphop
F**k Love,XXXTENTACION Featuring Trippie Redd,2017,hiphop
4 AM,2 Chainz Featuring Travis Scott,2017,hiphop
Neighbors,J. Cole,2017,hiphop
Pills And Automobiles,"Chris Brown Featuring Yo Gotti, A Boogie Wit da Hoodie & Kodak Black",2017,hiphop
No Frauds,"Nicki Minaj, Drake & Lil Wayne",2017,hiphop
Sneakin',Drake Featuring 21 Savage,2017,hiphop
Sauce It Up,Lil Uzi Vert,2017,hiphop
Do You Mind,"DJ Khaled Featuring Nicki Minaj, Chris Brown, August Alsina, Jeremih, Future & Rick Ross",2017,hiphop
Prblms,6LACK,2017,hiphop
You Was Right,Lil Uzi Vert,2017,hiphop
Questions,Chris Brown,2017,hiphop
No Complaints,Metro Boomin Featuring Offset & Drake,2017,hiphop
Too Much Sauce,DJ ESCO Featuring Future & Lil Uzi Vert,2017,hiphop
God's Plan,Drake,2018,hiphop
I Like It,"Cardi B, Bad Bunny & J Balvin",2018,hiphop
In My Feelings,Drake,2018,hiphop
Psycho,Post Malone Featuring Ty Dolla $ign,2018,hiphop
Nice For What,Drake,2018,hiphop
Rockstar,Post Malone Featuring 21 Savage,2018,hiphop
Lucid Dreams,Juice WRLD,2018,hiphop
Better Now,Post Malone,2018,hiphop
Finesse,Bruno Mars & Cardi B,2018,hiphop
Boo'd Up,Ella Mai,2018,hiphop
Look Alive,BlocBoy JB Featuring Drake,2018,hiphop
Sad!,XXXTENTACION,2018,hiphop
Yes Indeed,Lil Baby & Drake,2018,hiphop
Taste,Tyga Featuring Offset,2018,hiphop
FEFE,6ix9ine Featuring Nicki Minaj & Murda Beatz,2018,hiphop
MotorSport,"Migos, Nicki Minaj & Cardi B",2018,hiphop
Let You Down,NF,2018,hiphop
No Limit,G-Eazy Featuring A$AP Rocky & Cardi B,2018,hiphop
Pray For Me,The Weeknd & Kendrick Lamar,2018,hiphop
Gucci Gang,Lil Pump,2018,hiphop
Sicko Mode,Travis Scott,2018,hiphop
Walk It Talk It,Migos Featuring Drake,2018,hiphop
Him & I,G-Eazy & Halsey,2018,hiphop
Stir Fry,Migos,2018,hiphop
All The Stars,Kendrick Lamar & SZA,2018,hiphop
This Is America,Childish Gambino,2018,hiphop
Nonstop,Drake,2018,hiphop
I Fall Apart,Post Malone,2018,hiphop
Freaky Friday,Lil Dicky Featuring Chris Brown,2018,hiphop
Gummo,6ix9ine,2018,hiphop
Ric Flair Drip,Offset & Metro Boomin,2018,hiphop
Be Careful,Cardi B,2018,hiphop
Plug Walk,Rich The Kid,2018,hiphop
Bartier Cardi,Cardi B Featuring 21 Savage,2018,hiphop
Big Bank,"YG Featuring 2 Chainz, Big Sean & Nicki Minaj",2018,hiphop
Love.,Kendrick Lamar Featuring Zacari,2018,hiphop
Moonlight,XXXTENTACION,2018,hiphop
No Brainer,"DJ Khaled Featuring Justin Bieber, Chance The Rapper & Quavo",2018,hiphop
Plain Jane,A$AP Ferg Featuring Nicki Minaj,2018,hiphop
I Get The Bag,Gucci Mane Featuring Migos,2018,hiphop
King's Dead,"Jay Rock, Kendrick Lamar, Future & James Blake",2018,hiphop
Lemon,N*E*R*D & Rihanna,2018,hiphop
Call Out My Name,The Weeknd,2018,hiphop
Bodak Yellow (Money Moves),Cardi B,2018,hiphop
I'm Upset,Drake,2018,hiphop
Trip,Ella Mai,2018,hiphop
Sky Walker,Miguel Featuring Travis Scott,2018,hiphop
Outside Today,YoungBoy Never Broke Again,2018,hiphop
Chun-Li,Nicki Minaj,2018,hiphop
Changes,XXXTENTACION,2018,hiphop
Powerglide,Rae Sremmurd & Juicy J,2018,hiphop
River,Eminem Featuring Ed Sheeran,2018,hiphop
Apes**t,The Carters,2018,hiphop
New Freezer,Rich The Kid Featuring Kendrick Lamar,2018,hiphop
All Girls Are The Same,Juice WRLD,2018,hiphop
I Love It,Kanye West & Lil Pump,2018,hiphop
Drip Too Hard,Lil Baby & Gunna,2018,hiphop
The Way Life Goes,Lil Uzi Vert Featuring Nicki Minaj,2018,hiphop
Mo Bamba,Sheck Wes,2018,hiphop
Japan,Famous Dex,2018,hiphop
Ring,Cardi B Featuring Kehlani,2018,hiphop
Candy Paint,Post Malone,2018,hiphop
Rubbin Off The Paint,YBN Nahmir,2018,hiphop
Pick It Up,Famous Dex Featuring A$AP Rocky,2018,hiphop
Roll In Peace,Kodak Black Featuring XXXTENTACION,2018,hiphop
Young Dumb & Broke,Khalid,2018,hiphop
Medicine,Queen Naija,2018,hiphop
KOD,J. Cole,2018,hiphop
Bank Account,21 Savage,2018,hiphop
Ball For Me,Post Malone Featuring Nicki Minaj,2018,hiphop
Lucky You,Eminem Featuring Joyner Lucas,2018,hiphop
Red Roses,Lil Skies Featuring Landon Cube,2018,hiphop
Betrayed,Lil Xan,2018,hiphop
OTW,"Khalid, Ty Dolla $ign & 6LACK",2018,hiphop
Esskeetit,Lil Pump,2018,hiphop
Everyday,Logic & Marshmello,2018,hiphop
Narcos,Migos,2018,hiphop
Lie,NF,2018,hiphop
Pills And Automobiles,"Chris Brown Featuring Yo Gotti, A Boogie Wit da Hoodie & Kodak Black",2018,hiphop
ZEZE,Kodak Black Featuring Travis Scott & Offset,2018,hiphop
Nowadays,Lil Skies Featuring Landon Cube,2018,hiphop
That's On Me,Yella Beezy,2018,hiphop
Killshot,Eminem,2018,hiphop
Codeine Dreaming,Kodak Black Featuring Lil Wayne,2018,hiphop
The Weekend,SZA,2018,hiphop
Wake Up In The Sky,Gucci Mane X Bruno Mars X Kodak Black,2018,hiphop
Drip,Cardi B Featuring Migos,2018,hiphop
No Smoke,YoungBoy Never Broke Again,2018,hiphop
1-800-273-8255,Logic Featuring Alessia Cara & Khalid,2018,hiphop
Smile (Living My Best Life),Lil' Duval Featuring Snoop Dogg & Ball Greezy,2018,hiphop
Best Part,Daniel Caesar Featuring H.E.R.,2018,hiphop
Kooda,6ix9ine,2018,hiphop
W O R K I N M E,Quavo,2018,hiphop
Mob Ties,Drake,2018,hiphop
Sativa,Jhene Aiko Featuring Swae Lee Or Rae Sremmurd,2018,hiphop
All Mine,Kanye West,2018,hiphop
Dangerous,Meek Mill Featuring Jeremih & PnB Rock,2018,hiphop
Stargazing,Travis Scott,2018,hiphop
Uproar,Lil Wayne,2018,hiphop
F**k Love,XXXTENTACION Featuring Trippie Redd,2018,hiphop
Old Town Road,Lil Nas X Featuring Billy Ray Cyrus,2019,hiphop
Sunflower (Spider-Man: Into The Spider-Verse),Post Malone & Swae Lee,2019,hiphop
Talk,Khalid,2019,hiphop
Wow.,Post Malone,2019,hiphop
Truth Hurts,Lizzo,2019,hiphop
Sicko Mode,Travis Scott,2019,hiphop
No Guidance,Chris Brown Featuring Drake,2019,hiphop
Middle Child,J. Cole,2019,hiphop
Going Bad,Meek Mill Featuring Drake,2019,hiphop
Ran$om,Lil Tecca,2019,hiphop
Suge,DaBaby,2019,hiphop
Better,Khalid,2019,hiphop
Goodbyes,Post Malone Featuring Young Thug,2019,hiphop
ZEZE,Kodak Black Featuring Travis Scott & Offset,2019,hiphop
Money In The Grave,Drake Featuring Rick Ross,2019,hiphop
Drip Too Hard,Lil Baby & Gunna,2019,hiphop
Please Me,Cardi B & Bruno Mars,2019,hiphop
Money,Cardi B,2019,hiphop
A Lot,21 Savage,2019,hiphop
Panini,Lil Nas X,2019,hiphop
Thotiana,Blueface,2019,hiphop
Pop Out,Polo G Featuring Lil Tjay,2019,hiphop
Wake Up In The Sky,Gucci Mane X Bruno Mars X Kodak Black,2019,hiphop
Pure Water,Mustard & Migos,2019,hiphop
Look Back At It,A Boogie Wit da Hoodie,2019,hiphop
Mo Bamba,Sheck Wes,2019,hiphop
Envy Me,Calboy,2019,hiphop
Act Up,City Girls,2019,hiphop
The London,"Young Thug, J. Cole & Travis Scott",2019,hiphop
Murder On My Mind,YNW Melly,2019,hiphop
Leave Me Alone,Flipp Dinero,2019,hiphop
My Type,Saweetie,2019,hiphop
Worth It,YK Osiris,2019,hiphop
Better Now,Post Malone,2019,hiphop
Close Friends,Lil Baby,2019,hiphop
Clout,Offset Featuring Cardi B,2019,hiphop
Swervin,A Boogie Wit da Hoodie Featuring 6ix9ine,2019,hiphop
Baby,Lil Baby & DaBaby,2019,hiphop
Trip,Ella Mai,2019,hiphop
Shotta Flow,NLE Choppa,2019,hiphop
Cash Shit,Megan Thee Stallion Featuring DaBaby,2019,hiphop
Hot Girl Summer,"Megan Thee Stallion, Nicki Minaj & Ty Dolla $ign",2019,hiphop
Robbery,Juice WRLD,2019,hiphop
Lucid Dreams,Juice WRLD,2019,hiphop
Go Loko,"YG, Tyga & Jon Z",2019,hiphop
EARFQUAKE,"Tyler, The Creator",2019,hiphop
Good As Hell,Lizzo,2019,hiphop
Girls Need Love,Summer Walker X Drake,2019,hiphop
Mixed Personalities,YNW Melly Featuring Kanye West,2019,hiphop
On Chill,Wale Featuring Jeremih,2019,hiphop
Sanguine Paradise,Lil Uzi Vert,2019,hiphop
Hot,Young Thug Featuring Gunna,2019,hiphop
Put A Date On It,Yo Gotti Featuring Lil Baby,2019,hiphop
Armed And Dangerous,Juice WRLD,2019,hiphop
Press,Cardi B,2019,hiphop
Calling My Spirit,Kodak Black,2019,hiphop
Twerk,City Girls Featuring Cardi B,2019,hiphop
Ballin',Mustard & Roddy Ricch,2019,hiphop
Backin' It Up,Pardison Fontaine Featuring Cardi B,2019,hiphop
Uproar,Lil Wayne,2019,hiphop
Pure Cocaine,Lil Baby,2019,hiphop
Lalala,Y2K & bbno$,2019,hiphop
Wish Wish,DJ Khaled Featuring Cardi B & 21 Savage,2019,hiphop
Time,NF,2019,hiphop
HIGHEST IN THE ROOM,Travis Scott,2019,hiphop
24/7,Meek Mill Featuring Ella Mai,2019,hiphop
Big Ole Freak,Megan Thee Stallion,2019,hiphop
Just Us,DJ Khaled Featuring SZA,2019,hiphop
Before I Let Go,Beyonce,2019,hiphop
Saturday Nights,Khalid & Kane Brown,2019,hiphop
Racks In The Middle,Nipsey Hussle Featuring Roddy Ricch & Hit-Boy,2019,hiphop
Arms Around You,XXXTENTACION x Lil Pump Featuring Maluma & Swae Lee,2019,hiphop
Shot Clock,Ella Mai,2019,hiphop
Baby Sitter,DaBaby Featuring Offset,2019,hiphop
Playing Games,Summer Walker,2019,hiphop
BAD!,XXXTENTACION,2019,hiphop
Undecided,Chris Brown,2019,hiphop
Talk To Me,Tory Lanez & Rich The Kid,2019,hiphop
Faucet Failure,Ski Mask The Slump God,2019,hiphop
It's You,Ali Gatie,2019,hiphop
223's,YNW Melly & 9lokknine,2019,hiphop
Bandit,Juice WRLD & YoungBoy Never Broke Again,2019,hiphop
Heat,Chris Brown Featuring Gunna,2019,hiphop
Enemies,Post Malone Featuring DaBaby,2019,hiphop
Homicide,Logic Featuring Eminem,2019,hiphop
Dangerous,Meek Mill Featuring Jeremih & PnB Rock,2019,hiphop
No Stylist,French Montana Featuring Drake,2019,hiphop
Ring,Cardi B Featuring Kehlani,2019,hiphop
F.N,Lil Tjay,2019,hiphop
Juice,Lizzo,2019,hiphop
You,Jacquees,2019,hiphop
Rodeo,Lil Nas X & Cardi B Or Nas,2019,hiphop
Camelot,NLE Choppa,2019,hiphop
Nights Like This,Kehlani Featuring Ty Dolla $ign,2019,hiphop
Tap,NAV Featuring Meek Mill,2019,hiphop
Hot Girl Bummer,blackbear,2019,hiphop
Bad Bad Bad,Young Thug Featuring Lil Baby,2019,hiphop
INTRO,DaBaby,2019,hiphop
Lost In The Fire,Gesaffelstein & The Weeknd,2019,hiphop
I,Lil Skies,2019,hiphop
